# This file uses centimeters as units for non-parametric coordinates.

mtllib Glasses.mtl
g default
v -2.498638 12.302292 0.000003
v -2.950884 12.302285 1.682313
v -4.181495 12.302289 2.914038
v -5.863783 12.302283 3.363175
v -7.545712 12.302286 2.913244
v -8.777492 12.302289 1.682293
v -9.228731 12.302292 -0.000003
v -8.777489 12.302288 -1.682298
v -7.545708 12.302286 -2.913247
v -5.863777 12.302283 -3.363175
v -4.181490 12.302290 -2.914035
v -2.950881 12.302285 -1.682308
v -1.949546 8.528755 0.000003
v -5.863800 8.528781 3.911972
v -2.475580 8.528773 1.956829
v -3.907002 8.528760 3.389538
v -9.777823 8.528755 -0.000003
v -7.820180 8.528770 3.388619
v -9.252956 8.528762 1.956803
v -4.105335 3.721884 0.000002
v -4.341581 3.721951 0.879119
v -5.863762 3.721940 1.757450
v -4.984705 3.721878 1.522691
v -6.742622 3.721873 1.522255
v -7.621933 3.721788 -0.000001
v -7.386200 3.721821 0.879011
v -5.863793 8.528781 -3.911972
v -9.252953 8.528762 -1.956809
v -7.820174 8.528770 -3.388622
v -3.906996 8.528760 -3.389535
v -2.475577 8.528773 -1.956822
v -7.386199 3.721821 -0.879014
v -5.863760 3.721940 -1.757450
v -6.742619 3.721873 -1.522257
v -4.984703 3.721878 -1.522690
v -4.341580 3.721951 -0.879117
v -6.525576 2.972517 -0.000001
v -5.863575 2.972538 0.661708
v -5.290453 2.972545 0.331000
v -5.201496 2.972541 0.000001
v -5.532592 2.972536 0.573322
v -6.194486 2.972528 0.573161
v -6.436812 2.972521 0.330969
v -5.863574 2.972537 -0.661708
v -6.436811 2.972521 -0.330970
v -6.194484 2.972528 -0.573161
v -5.532592 2.972536 -0.573322
v -5.290453 2.972545 -0.330999
v -5.863558 2.926098 0.000000
v -5.863766 14.876698 2.757092
v -4.484643 14.876698 2.388898
v -3.475803 14.876698 1.379141
v -3.105052 14.876698 0.000002
v -8.622316 14.876698 -0.000002
v -8.252394 14.876698 1.379126
v -7.242592 14.876698 2.388246
v -5.863761 14.876698 -2.757092
v -7.242588 14.876698 -2.388248
v -8.252392 14.876698 -1.379130
v -3.475801 14.876698 -1.379137
v -4.484639 14.876698 -2.388896
v -2.014401 10.279170 0.000003
v -5.270226 1.303545 0.000001
v -6.457142 1.303545 -0.000001
v -2.169025 0.170921 0.000003
v -9.558344 0.170921 -0.000003
v -5.863793 0.170921 3.692598
v -2.162658 0.000000 0.000003
v -5.863793 0.000000 3.698961
v -2.660063 0.000000 1.850279
v -4.013538 0.000000 3.204986
v -2.665574 0.170921 1.847096
v -4.016721 0.170921 3.199472
v -9.564711 0.000000 -0.000003
v -7.713650 0.000000 3.204111
v -9.068417 0.000000 1.850259
v -7.710467 0.170921 3.198598
v -9.062904 0.170921 1.847076
v -5.863702 1.303563 0.593085
v -5.350012 1.303558 0.296676
v -4.986300 0.988683 0.000001
v -5.104218 0.988683 0.438636
v -5.567019 1.303548 0.513911
v -5.425080 0.988683 0.759789
v -5.863710 0.988683 0.876894
v -6.160313 1.303556 0.513756
v -6.302246 0.988683 0.759582
v -6.377552 1.303550 0.296683
v -6.623413 0.988683 0.438631
v -6.741067 0.988683 -0.000001
v -5.863787 0.170921 -3.692598
v -5.863787 0.000000 -3.698961
v -9.068414 0.000000 -1.850264
v -7.713644 0.000000 -3.204114
v -9.062901 0.170921 -1.847081
v -7.710462 0.170921 -3.198602
v -4.013533 0.000000 -3.204982
v -2.660058 0.000000 -1.850274
v -4.016716 0.170921 -3.199469
v -2.665571 0.170921 -1.847091
v -5.863700 1.303563 -0.593085
v -6.377552 1.303550 -0.296683
v -6.623413 0.988683 -0.438633
v -6.160313 1.303556 -0.513757
v -6.302245 0.988683 -0.759583
v -5.863709 0.988683 -0.876894
v -5.567017 1.303548 -0.513911
v -5.425078 0.988683 -0.759789
v -5.350010 1.303558 -0.296676
v -5.104218 0.988683 -0.438635
v -9.712969 10.279170 -0.000003
v -4.424150 3.195513 0.000001
v -7.303219 3.195513 -0.000001
v -5.863726 3.195513 1.438732
v -5.382694 2.178812 0.000000
v -5.863698 2.178802 0.480676
v -5.447365 2.178805 0.240448
v -5.391580 1.705203 0.000000
v -5.455058 1.705210 0.236006
v -5.623240 2.178811 0.416518
v -5.627683 1.705205 0.408822
v -5.863698 1.705212 0.471794
v -4.617618 3.195513 0.719676
v -5.201219 2.597032 0.000001
v -5.290253 2.597032 0.331191
v -5.144060 3.195513 1.246597
v -5.532517 2.597032 0.573676
v -5.863704 2.597032 0.662095
v -6.344674 2.178812 -0.000000
v -6.104095 2.178807 0.416387
v -6.099653 1.705209 0.408694
v -6.280165 2.178810 0.240456
v -6.272471 1.705206 0.236014
v -6.335789 1.705203 -0.000000
v -6.583239 3.195513 1.246257
v -6.194819 2.597032 0.573520
v -7.110182 3.195513 0.719668
v -6.437315 2.597032 0.331187
v -6.526150 2.597032 -0.000001
v -5.863798 10.279169 3.847136
v -2.275787 5.796553 0.000003
v -5.863791 5.796553 3.585895
v -2.757987 5.796553 1.793722
v -3.104967 4.465855 0.000002
v -3.475729 4.465855 1.379184
v -4.070093 5.796553 3.107019
v -4.484600 4.465855 2.388972
v -5.863766 4.465855 2.757178
v -2.531730 10.279169 1.924399
v -1.775280 8.538680 0.000004
v -2.324746 8.538680 2.043944
v -3.939425 10.279170 3.333373
v -3.819888 8.538680 3.540444
v -5.863804 8.538680 4.086123
v -9.451580 5.796553 -0.000003
v -7.657101 5.796553 3.106171
v -7.242634 4.465855 2.388319
v -8.970457 5.796553 1.793702
v -8.252468 4.465855 1.379169
v -8.622401 4.465855 -0.000002
v -7.787757 10.279169 3.332463
v -7.907281 8.538680 3.539478
v -9.196794 10.279170 1.924377
v -9.403850 8.538680 2.043921
v -9.952088 8.538680 -0.000004
v -5.863724 3.195513 -1.438732
v -5.863698 2.178802 -0.480676
v -6.280165 2.178810 -0.240457
v -6.272470 1.705206 -0.236015
v -6.104093 2.178807 -0.416388
v -6.099652 1.705209 -0.408694
v -5.863698 1.705212 -0.471794
v -7.110181 3.195513 -0.719671
v -6.437315 2.597032 -0.331188
v -6.583236 3.195513 -1.246258
v -6.194817 2.597032 -0.573520
v -5.863703 2.597032 -0.662095
v -5.623240 2.178811 -0.416517
v -5.627683 1.705205 -0.408822
v -5.447365 2.178805 -0.240448
v -5.455057 1.705210 -0.236005
v -5.144058 3.195513 -1.246596
v -5.532516 2.597032 -0.573676
v -4.617617 3.195513 -0.719674
v -5.290251 2.597032 -0.331190
v -5.863791 10.279169 -3.847136
v -5.863784 5.796553 -3.585895
v -8.970454 5.796553 -1.793707
v -8.252465 4.465855 -1.379173
v -7.657096 5.796553 -3.106174
v -7.242630 4.465855 -2.388322
v -5.863761 4.465855 -2.757178
v -9.196791 10.279170 -1.924383
v -9.403847 8.538680 -2.043927
v -7.787751 10.279169 -3.332466
v -7.907275 8.538680 -3.539481
v -5.863798 8.538680 -4.086123
v -4.070086 5.796553 -3.107016
v -4.484596 4.465855 -2.388970
v -2.757984 5.796553 -1.793716
v -3.475726 4.465855 -1.379180
v -3.939419 10.279170 -3.333369
v -3.819882 8.538680 -3.540441
v -2.531727 10.279169 -1.924393
v -2.324743 8.538680 -2.043937
v -3.026716 14.878497 0.000002
v -8.700652 14.878497 -0.000002
v -5.863769 14.878497 2.835385
v -2.299406 11.928025 0.000003
v -5.863790 11.928016 3.562291
v -2.778431 11.928019 1.781914
v -4.081899 11.928025 3.086566
v -3.407994 14.878497 1.418305
v -2.659166 13.448317 0.000003
v -3.089842 13.448315 1.602057
v -4.445482 14.878497 2.456735
v -4.261743 13.448317 2.775024
v -5.863779 13.448315 3.202730
v -9.427963 11.928025 -0.000003
v -7.645296 11.928020 3.085724
v -8.950006 11.928023 1.781894
v -7.281748 14.878497 2.456064
v -7.465469 13.448317 2.774266
v -8.320226 14.878497 1.418289
v -8.638487 13.448317 1.602039
v -9.068201 13.448317 -0.000003
v -5.863762 14.878497 -2.835385
v -5.863783 11.928016 -3.562291
v -8.950003 11.928023 -1.781900
v -7.645291 11.928020 -3.085727
v -8.320223 14.878497 -1.418293
v -8.638486 13.448317 -1.602044
v -7.281744 14.878497 -2.456067
v -7.465465 13.448317 -2.774269
v -5.863773 13.448315 -3.202730
v -4.081894 11.928025 -3.086563
v -2.778428 11.928019 -1.781909
v -4.445478 14.878497 -2.456732
v -4.261739 13.448317 -2.775021
v -3.407992 14.878497 -1.418300
v -3.089839 13.448315 -1.602052
v -5.863838 0.699774 -0.000000
v -3.441898 14.907861 1.398723
v -3.065885 14.907861 0.000002
v -3.441896 14.907861 -1.398719
v -4.465058 14.907861 -2.422814
v -5.863762 14.907861 -2.796238
v -7.262166 14.907861 -2.422158
v -8.286306 14.907861 -1.398712
v -8.661484 14.907861 -0.000002
v -8.286309 14.907861 1.398707
v -7.262169 14.907861 2.422155
v -5.863767 14.907861 2.796238
v -4.465062 14.907861 2.422817
v -7.870605 7.130841 3.475954
v -5.863803 7.130841 4.012788
v -3.856569 7.130841 3.476903
v -2.388261 7.130841 2.007261
v -1.848656 7.130841 0.000004
v -2.388257 7.130841 -2.007255
v -3.856563 7.130841 -3.476900
v -5.863796 7.130841 -4.012788
v -7.870598 7.130841 -3.475957
v -9.340309 7.130841 -2.007245
v -9.878714 7.130841 -0.000004
v -9.340313 7.130841 2.007238
v -4.212644 5.872984 2.860122
v -3.004749 5.873059 1.651218
v -2.560925 5.872974 0.000003
v -3.004746 5.873059 -1.651213
v -4.212640 5.872984 -2.860119
v -5.863802 5.873075 -3.301013
v -7.514617 5.873013 -2.859353
v -8.723575 5.872964 -1.651155
v -9.166435 5.872931 -0.000003
v -8.723577 5.872964 1.651150
v -7.514622 5.873013 2.859350
v -5.863808 5.873075 3.301013
v -3.744236 0.618457 1.224106
v -3.415157 0.618491 0.000002
v -3.744233 0.618457 -1.224102
v -4.639660 0.618483 -2.120353
v -5.863752 0.618444 -2.447152
v -7.087579 0.618464 -2.119775
v -7.983869 0.618479 -1.224098
v -8.312211 0.618491 -0.000002
v -7.983871 0.618479 1.224094
v -7.087584 0.618464 2.119773
v -5.863756 0.618444 2.447152
v -4.639665 0.618483 2.120355
v 20.682156 14.869549 0.000004
v 11.950394 14.869549 -0.000004
v 20.684607 12.202192 0.000004
v 11.947943 12.202192 -0.000004
v 16.316145 12.202192 4.365895
v 20.435665 10.504146 0.000004
v 16.316153 10.504146 4.117094
v 19.882036 10.504146 2.059436
v 18.375561 10.504146 3.567280
v 20.097517 12.202192 2.183890
v 18.500006 12.202192 3.782854
v 12.196882 10.504146 -0.000004
v 14.257187 10.504146 3.566305
v 12.749276 10.504146 2.059413
v 14.132755 12.202192 3.781821
v 12.533719 12.202192 2.183866
v 16.316145 14.869549 4.363445
v 20.560072 12.682305 0.000004
v 19.989721 12.682305 2.121630
v 18.437752 12.682305 3.675010
v 16.316149 12.682305 4.241428
v 20.095398 14.869549 2.182665
v 18.498781 14.869549 3.780731
v 14.195004 12.682305 3.674006
v 12.641555 12.682305 2.121607
v 12.072478 12.682305 -0.000004
v 14.133980 14.869549 3.779699
v 12.535841 14.869549 2.182640
v 16.316153 12.202192 -4.365895
v 16.316160 10.504146 -4.117094
v 12.749281 10.504146 -2.059419
v 14.257194 10.504146 -3.566309
v 12.533723 12.202192 -2.183872
v 14.132762 12.202192 -3.781825
v 18.375566 10.504146 -3.567276
v 19.882040 10.504146 -2.059430
v 18.500011 12.202192 -3.782851
v 20.097523 12.202192 -2.183884
v 16.316153 14.869549 -4.363445
v 12.641559 12.682305 -2.121613
v 14.195010 12.682305 -3.674010
v 16.316156 12.682305 -4.241428
v 12.535847 14.869549 -2.182647
v 14.133986 14.869549 -3.779703
v 18.437757 12.682305 -3.675006
v 19.989723 12.682305 -2.121624
v 18.498787 14.869549 -3.780727
v 20.095402 14.869549 -2.182658
v 20.601402 14.912618 0.000004
v 20.025497 14.912605 2.142293
v 18.458414 14.912615 3.710802
v 16.316149 14.912602 4.282736
v 20.516550 14.872955 0.000004
v 19.952049 14.872955 2.099873
v 18.415995 14.872955 3.637322
v 16.316149 14.872955 4.197932
v 14.174345 14.912608 3.709788
v 12.605766 14.912615 2.142270
v 12.031146 14.912618 -0.000004
v 14.216759 14.872955 3.636329
v 12.679239 14.872955 2.099849
v 12.115998 14.872955 -0.000004
v 12.605770 14.912615 -2.142276
v 14.174352 14.912608 -3.709792
v 16.316156 14.912602 -4.282736
v 12.679243 14.872955 -2.099856
v 14.216763 14.872955 -3.636333
v 16.316156 14.872955 -4.197932
v 18.458420 14.912615 -3.710798
v 20.025499 14.912605 -2.142287
v 18.416000 14.872955 -3.637318
v 19.952051 14.872955 -2.099867
v 19.295790 0.679678 0.000003
v 16.316187 0.679678 2.977854
v 18.895355 0.679678 1.489570
v 17.805737 0.679678 2.580178
v 18.689253 0.513611 0.000002
v 18.370331 0.513611 1.186339
v 17.502529 0.513611 2.054932
v 16.316204 0.513611 2.371653
v 13.336759 0.679678 -0.000003
v 14.826958 0.679678 2.579473
v 13.736300 0.679678 1.489553
v 15.130136 0.513611 2.054371
v 14.261505 0.513611 1.186326
v 13.943297 0.513611 -0.000002
v 16.316193 0.679678 -2.977854
v 13.736303 0.679678 -1.489558
v 14.826962 0.679678 -2.579475
v 14.261506 0.513611 -1.186329
v 15.130140 0.513611 -2.054373
v 16.316210 0.513611 -2.371653
v 17.805740 0.679678 -2.580175
v 18.895357 0.679678 -1.489565
v 17.502529 0.513611 -2.054930
v 18.370335 0.513611 -1.186335
v 12.556402 10.990860 2.170770
v 12.487677 11.611027 2.210449
v 11.974138 10.990863 -0.000004
v 11.894768 11.611027 -0.000004
v 18.486912 10.990860 3.760170
v 18.526588 11.611027 3.828901
v 16.316147 10.990850 4.339711
v 16.316145 11.611027 4.419038
v 20.737782 11.611027 0.000004
v 20.658411 10.990863 0.000004
v 20.074841 10.990853 2.170793
v 20.143547 11.611027 2.210474
v 14.145849 10.990855 3.759142
v 14.106175 11.611027 3.827856
v 20.074846 10.990853 -2.170787
v 20.143551 11.611027 -2.210467
v 14.145855 10.990855 -3.759145
v 14.106182 11.611027 -3.827860
v 16.316153 10.990850 -4.339711
v 16.316151 11.611027 -4.419038
v 12.556406 10.990860 -2.170776
v 12.487679 11.611027 -2.210456
v 18.486917 10.990860 -3.760166
v 18.526594 11.611027 -3.828898
v 16.316179 0.513611 -0.000000
v 16.316174 0.000000 0.000000
v 13.594067 0.000000 1.571670
v 13.495644 0.174466 1.628497
v 13.172484 0.000000 -0.000003
v 13.058832 0.174465 -0.000003
v 17.887850 0.000000 2.722427
v 17.944672 0.174466 2.820854
v 16.316177 0.000000 3.141978
v 16.316177 0.174466 3.255624
v 19.460064 0.000000 0.000003
v 19.573715 0.174465 0.000003
v 19.037514 0.000000 1.571677
v 19.135927 0.174466 1.628515
v 14.744859 0.000000 2.721661
v 14.688036 0.174466 2.820083
v 19.037518 0.000000 -1.571673
v 19.135929 0.174466 -1.628510
v 14.744864 0.000000 -2.721663
v 14.688041 0.174466 -2.820086
v 16.316185 0.000000 -3.141978
v 16.316185 0.174466 -3.255624
v 13.594069 0.000000 -1.571675
v 13.495646 0.174466 -1.628502
v 17.887854 0.000000 -2.722424
v 17.944675 0.174466 -2.820851
v -14.146401 5.762569 0.000001
v -17.412577 5.762569 -0.000001
v -13.321760 0.654702 0.000002
v -15.020039 0.654702 2.337450
v -13.791359 0.654702 1.444916
v -16.539059 0.654702 2.337411
v -18.237219 0.654702 -0.000002
v -17.767857 0.654702 1.444589
v -15.274858 5.762569 1.553165
v -13.773611 2.263288 0.000002
v -14.156876 2.263288 1.179269
v -15.159663 2.263288 1.907711
v -14.060354 3.898348 0.000001
v -15.248270 3.898348 1.635002
v -14.388830 3.898348 1.010692
v -14.458437 5.762569 0.960103
v -16.399410 2.263288 1.907679
v -17.402294 2.263288 1.179002
v -17.785368 2.263288 -0.000002
v -16.284201 5.762569 1.553139
v -16.310795 3.898348 1.634974
v -17.498625 3.898348 -0.000002
v -17.170315 3.898348 1.010462
v -17.100700 5.762569 0.959885
v -16.539055 0.654702 -2.337413
v -17.767853 0.654702 -1.444592
v -15.020034 0.654702 -2.337449
v -13.791355 0.654702 -1.444913
v -16.284199 5.762569 -1.553140
v -17.402294 2.263288 -1.179004
v -16.399408 2.263288 -1.907680
v -16.310791 3.898348 -1.634976
v -17.170313 3.898348 -1.010464
v -17.100697 5.762569 -0.959888
v -15.159660 2.263288 -1.907710
v -14.156876 2.263288 -1.179266
v -15.274855 5.762569 -1.553164
v -15.248267 3.898348 -1.635002
v -14.388828 3.898348 -1.010689
v -14.458437 5.762569 -0.960101
v -12.999105 10.398610 0.000002
v -18.559872 10.398610 -0.000002
v -14.920340 10.398610 2.644312
v -13.898258 7.223163 0.000002
v -14.257706 7.223163 1.105988
v -15.198180 7.223163 1.789164
v -13.530357 10.398610 1.634606
v -13.437312 8.810616 0.000002
v -13.884835 8.810616 1.376981
v -15.055746 8.810616 2.227551
v -16.360889 7.223163 1.789134
v -17.301453 7.223163 1.105737
v -17.660721 7.223163 -0.000002
v -16.638777 10.398610 2.644267
v -16.503347 8.810616 2.227513
v -18.028889 10.398610 1.634234
v -17.674368 8.810616 1.376668
v -18.121664 8.810616 -0.000002
v -12.813910 11.851324 0.000003
v -14.863111 11.851324 2.820445
v -13.380547 11.851324 1.743484
v -12.889751 13.306663 0.000002
v -13.441896 13.306663 1.698896
v -14.892380 13.228762 2.730367
v -18.745068 11.851324 -0.000003
v -16.696014 11.851324 2.820397
v -18.178719 11.851324 1.743088
v -16.666740 13.228762 2.730321
v -18.117361 13.306663 1.698511
v -18.669228 13.306663 -0.000003
v -16.638771 10.398610 -2.644269
v -17.301453 7.223163 -1.105740
v -16.360888 7.223163 -1.789135
v -18.028889 10.398610 -1.634238
v -17.674366 8.810616 -1.376672
v -16.503344 8.810616 -2.227514
v -15.198177 7.223163 -1.789163
v -14.257704 7.223163 -1.105986
v -14.920335 10.398610 -2.644311
v -15.055743 8.810616 -2.227550
v -13.530355 10.398610 -1.634602
v -13.884832 8.810616 -1.376978
v -16.696011 11.851324 -2.820399
v -18.178715 11.851324 -1.743092
v -18.117355 13.306663 -1.698515
v -16.672569 13.306663 -2.748271
v -14.863109 11.851324 -2.820444
v -13.380543 11.851324 -1.743479
v -14.886543 13.306663 -2.748314
v -13.441893 13.306663 -1.698893
v -13.927286 7.839129 0.000002
v -17.631693 7.839129 -0.000002
v -12.939864 12.812339 0.000002
v -18.619114 12.812339 -0.000003
v -14.902033 12.812339 2.700655
v -13.417885 14.912428 0.000002
v -15.049744 14.912428 2.246029
v -13.869120 14.912428 1.388403
v -13.311129 14.878376 0.000002
v -13.782759 14.878376 1.451166
v -15.016754 14.878376 2.347561
v -13.449865 14.793362 0.000002
v -15.059626 14.793362 2.215613
v -13.894989 14.793362 1.369601
v -13.482433 12.812339 1.669435
v -18.141092 14.912428 -0.000002
v -16.509352 14.912428 2.245990
v -16.542347 14.878376 2.347521
v -17.690086 14.912428 1.388088
v -17.776457 14.878376 1.450837
v -18.247850 14.878376 -0.000002
v -16.657085 12.812339 2.700610
v -16.499470 14.793362 2.215575
v -18.109114 14.793362 -0.000002
v -17.664213 14.793362 1.369290
v -18.076817 12.812339 1.669055
v -15.207150 7.839129 1.761557
v -13.218102 10.178275 0.000002
v -14.988010 10.178275 2.436036
v -13.707505 10.178275 1.505858
v -14.281189 7.839129 1.088923
v -16.351919 7.839129 1.761527
v -16.571096 10.178275 2.435995
v -18.340878 10.178275 -0.000002
v -17.851719 10.178275 1.505516
v -17.277969 7.839129 1.088675
v -16.657082 12.812339 -2.700611
v -16.509346 14.912428 -2.245992
v -17.690086 14.912428 -1.388091
v -17.776453 14.878376 -1.450840
v -16.542343 14.878376 -2.347523
v -16.499464 14.793362 -2.215577
v -17.664211 14.793362 -1.369294
v -18.076817 12.812339 -1.669060
v -15.049739 14.912428 -2.246027
v -15.016750 14.878376 -2.347560
v -13.869116 14.912428 -1.388400
v -13.782759 14.878376 -1.451163
v -14.902029 12.812339 -2.700654
v -15.059621 14.793362 -2.215612
v -13.894987 14.793362 -1.369598
v -13.482430 12.812339 -1.669431
v -16.351913 7.839129 -1.761528
v -16.571093 10.178275 -2.435996
v -17.851715 10.178275 -1.505520
v -17.277966 7.839129 -1.088678
v -15.207148 7.839129 -1.761556
v -14.988005 10.178275 -2.436035
v -13.707504 10.178275 -1.505854
v -14.281187 7.839129 -1.088920
v -14.234604 6.408744 0.000001
v -15.302112 6.408744 1.469278
v -14.529787 6.408744 0.908248
v -14.297047 4.548956 0.000001
v -14.580297 4.548956 0.871538
v -15.321407 4.548956 1.409893
v -17.324375 6.408744 -0.000001
v -16.256941 6.408744 1.469253
v -17.029339 6.408744 0.908041
v -16.237644 4.548956 1.409869
v -16.978823 4.548956 0.871340
v -17.261932 4.548956 -0.000001
v -16.256939 6.408744 -1.469254
v -17.029335 6.408744 -0.908044
v -16.978823 4.548956 -0.871342
v -16.237642 4.548956 -1.409870
v -15.302110 6.408744 -1.469278
v -14.529787 6.408744 -0.908246
v -15.321404 4.548956 -1.409892
v -14.580297 4.548956 -0.871536
v -15.779535 1.599709 0.000000
v -15.779535 0.000000 0.000000
v -15.146475 0.000000 1.948318
v -15.069900 0.144463 2.183990
v -14.122339 0.000000 1.204371
v -13.921886 0.144463 1.350053
v -13.730915 0.000000 0.000002
v -13.483115 0.144463 0.000002
v -17.828060 0.000000 -0.000002
v -18.075861 0.144463 -0.000002
v -17.436836 0.000000 1.204095
v -17.637314 0.144463 1.349747
v -16.412609 0.000000 1.948283
v -16.489191 0.144463 2.183953
v -16.412609 0.000000 -1.948284
v -16.489189 0.144463 -2.183954
v -17.436836 0.000000 -1.204098
v -17.637312 0.144463 -1.349750
v -14.122337 0.000000 -1.204369
v -13.921884 0.144463 -1.350050
v -15.146473 0.000000 -1.948317
v -15.069896 0.144463 -2.183989
v -15.277952 1.599709 1.543663
v -15.203951 1.882226 1.771406
v -14.466522 1.599709 0.954231
v -14.272814 1.882226 1.095011
v -14.156395 1.599709 0.000001
v -13.916931 1.882226 0.000002
v -17.402584 1.599709 -0.000001
v -17.642048 1.882226 -0.000002
v -17.092615 1.599709 0.954008
v -17.286348 1.882226 1.094762
v -16.281120 1.599709 1.543633
v -16.355118 1.882226 1.771376
v -16.281116 1.599709 -1.543634
v -16.355118 1.882226 -1.771377
v -17.092615 1.599709 -0.954010
v -17.286343 1.882226 -1.094765
v -14.466522 1.599709 -0.954229
v -14.272810 1.882226 -1.095008
v -15.277948 1.599709 -1.543662
v -15.203946 1.882226 -1.771405
v 6.518128 9.470884 0.000002
v 3.952516 2.718727 0.000000
v 3.478179 2.718727 -0.000000
v 6.138814 0.000000 0.000002
v 4.464209 0.000000 2.304864
v 5.675760 0.000000 1.424773
v 6.234716 0.119602 0.000002
v 4.493843 0.119602 2.396073
v 5.753339 0.119602 1.481154
v 6.159225 0.228246 0.000002
v 5.692271 0.228246 1.436772
v 4.470516 0.228246 2.324276
v 1.291880 0.000000 -0.000002
v 2.966365 0.000000 2.304825
v 1.754701 0.000000 1.424449
v 2.936726 0.119602 2.396032
v 2.960057 0.228246 2.324236
v 1.195978 0.119602 -0.000002
v 1.677113 0.119602 1.480818
v 1.738188 0.228246 1.436446
v 1.271470 0.228246 -0.000002
v 3.788634 2.718727 0.225562
v 4.392808 0.813218 0.000001
v 3.924686 0.813218 0.644306
v 4.263365 0.813218 0.398284
v 4.919773 0.377526 0.000001
v 4.689642 0.377526 0.708090
v 4.087520 0.377526 1.145481
v 4.099817 1.403047 0.000000
v 3.834150 1.403047 0.365654
v 4.026356 1.403047 0.226032
v 3.907200 2.718727 0.139433
v 3.037887 0.813218 -0.000001
v 3.505975 0.813218 0.644295
v 3.343115 0.377526 1.145462
v 3.167264 0.813218 0.398193
v 2.740937 0.377526 0.707929
v 2.510922 0.377526 -0.000001
v 3.642050 2.718727 0.225558
v 3.596525 1.403047 0.365648
v 3.330878 1.403047 -0.000000
v 3.404302 1.403047 0.225981
v 3.523472 2.718727 0.139401
v 2.966369 0.000000 -2.304826
v 1.754703 0.000000 -1.424453
v 2.936730 0.119602 -2.396034
v 1.677116 0.119602 -1.480822
v 1.738190 0.228246 -1.436449
v 2.960061 0.228246 -2.324238
v 4.464213 0.000000 -2.304863
v 5.675763 0.000000 -1.424769
v 4.493847 0.119602 -2.396072
v 4.470520 0.228246 -2.324274
v 5.753341 0.119602 -1.481151
v 5.692274 0.228246 -1.436769
v 3.642050 2.718727 -0.225558
v 3.505977 0.813218 -0.644296
v 3.167265 0.813218 -0.398194
v 2.740938 0.377526 -0.707931
v 3.343117 0.377526 -1.145463
v 3.596526 1.403047 -0.365648
v 3.404302 1.403047 -0.225982
v 3.523472 2.718727 -0.139402
v 3.924687 0.813218 -0.644306
v 4.087522 0.377526 -1.145481
v 4.263366 0.813218 -0.398283
v 4.689643 0.377526 -0.708088
v 3.788634 2.718727 -0.225562
v 3.834151 1.403047 -0.365654
v 4.026357 1.403047 -0.226032
v 3.907200 2.718727 -0.139433
v 4.270747 6.617990 0.000000
v 3.159948 6.617990 -0.000000
v 3.886968 6.617990 0.528219
v 3.996923 4.494828 0.000000
v 3.802356 4.494828 0.267795
v 3.943122 4.494828 0.165540
v 4.164627 6.617990 0.326523
v 4.099790 6.049440 0.000000
v 4.026334 6.049440 0.226016
v 3.834142 6.049440 0.365628
v 3.433772 4.494828 -0.000000
v 3.628325 4.494828 0.267791
v 3.487546 4.494828 0.165503
v 3.543699 6.617990 0.528210
v 3.596534 6.049440 0.365622
v 3.266015 6.617990 0.326449
v 3.404324 6.049440 0.225965
v 3.330905 6.049440 -0.000000
v 3.543700 6.617990 -0.528210
v 3.628326 4.494828 -0.267791
v 3.487546 4.494828 -0.165503
v 3.266015 6.617990 -0.326450
v 3.404324 6.049440 -0.225965
v 3.596535 6.049440 -0.365622
v 3.802356 4.494828 -0.267795
v 3.943122 4.494828 -0.165540
v 3.886969 6.617990 -0.528219
v 3.834142 6.049440 -0.365628
v 4.164627 6.617990 -0.326523
v 4.026334 6.049440 -0.226016
v 0.912567 9.470884 -0.000002
v 4.590965 7.101390 0.000001
v 3.985917 7.101390 0.832765
v 4.423659 7.101390 0.514781
v 5.528902 7.764939 0.000002
v 5.182384 7.764939 1.066201
v 4.275743 7.764939 1.724800
v 3.444734 7.101390 0.832751
v 3.154861 7.764939 1.724771
v 2.839730 7.101390 -0.000001
v 3.006950 7.101390 0.514665
v 2.248135 7.764939 1.065959
v 1.901793 7.764939 -0.000002
v 4.581419 9.470884 2.665615
v 6.215585 8.517152 0.000002
v 4.487931 8.517152 2.377877
v 5.737862 8.517152 1.469907
v 5.982598 9.470884 1.647774
v 2.849137 9.470884 2.665569
v 2.942639 8.517152 2.377837
v 1.215110 8.517152 -0.000002
v 1.692591 8.517152 1.469573
v 1.447826 9.470884 1.647400
v 3.444736 7.101390 -0.832752
v 3.006951 7.101390 -0.514666
v 2.248137 7.764939 -1.065962
v 3.154864 7.764939 -1.724772
v 3.985919 7.101390 -0.832765
v 4.275746 7.764939 -1.724800
v 4.423660 7.101390 -0.514780
v 5.182386 7.764939 -1.066199
v 2.849142 9.470884 -2.665571
v 2.942643 8.517152 -2.377838
v 1.692594 8.517152 -1.469576
v 1.447828 9.470884 -1.647404
v 4.581423 9.470884 -2.665613
v 4.487936 8.517152 -2.377876
v 5.737864 8.517152 -1.469903
v 5.982601 9.470884 -1.647770
v 6.502957 10.382943 0.000002
v 5.970326 10.382943 1.638855
v 4.576731 10.382943 2.651186
v 2.853826 10.382943 2.651141
v 1.460099 10.382943 1.638482
v 0.927738 10.382943 -0.000002
v 1.460103 10.382943 -1.638487
v 2.853830 10.382943 -2.651142
v 4.576735 10.382943 -2.651184
v 5.970329 10.382943 -1.638851
v 5.486226 14.934717 0.000002
v 1.944469 14.934717 -0.000002
v 4.262556 14.934717 1.684213
v 5.147862 14.934717 1.041111
v 5.529829 14.926790 0.000002
v 5.183134 14.926790 1.066746
v 4.276030 14.926790 1.725682
v 3.168050 14.934717 1.684184
v 3.154575 14.926790 1.725652
v 2.282661 14.934717 1.040875
v 2.247386 14.926790 1.066504
v 1.900866 14.926790 -0.000002
v 5.450551 14.903007 0.000002
v 4.251533 14.903007 1.650283
v 5.119004 14.903007 1.020138
v 3.179076 14.903007 1.650255
v 1.980144 14.903007 -0.000002
v 2.311524 14.903007 1.019906
v 3.168053 14.934717 -1.684185
v 2.282663 14.934717 -1.040877
v 2.247387 14.926790 -1.066506
v 3.154577 14.926790 -1.725653
v 4.262559 14.934717 -1.684212
v 4.276033 14.926790 -1.725681
v 5.147864 14.934717 -1.041109
v 5.183136 14.926790 -1.066743
v 3.179079 14.903007 -1.650256
v 2.311525 14.903007 -1.019909
v 4.251535 14.903007 -1.650282
v 5.119005 14.903007 -1.020135
v 6.440417 9.310210 0.000002
v 0.990278 9.310210 -0.000002
v 4.557405 9.310210 2.591707
v 5.998118 12.504132 0.000002
v 5.561947 12.504132 1.342056
v 4.420733 12.504132 2.171053
v 5.919735 9.310210 1.602087
v 3.009848 12.504132 2.171016
v 1.868528 12.504132 1.341751
v 1.432577 12.504132 -0.000002
v 2.873154 9.310210 2.591663
v 1.510696 9.310210 1.601723
v 2.873158 9.310210 -2.591664
v 1.868530 12.504132 -1.341755
v 3.009852 12.504132 -2.171017
v 1.510699 9.310210 -1.601727
v 4.420737 12.504132 -2.171052
v 5.561949 12.504132 -1.342053
v 4.557410 9.310210 -2.591705
v 5.919738 9.310210 -1.602083
v 4.840795 7.550631 0.000001
v 2.589892 7.550636 -0.000001
v 4.063113 7.550633 1.070372
v 4.625753 7.550632 0.661661
v 3.367518 7.550636 1.070354
v 2.804825 7.550636 0.661510
v 3.367520 7.550636 -1.070355
v 2.804826 7.550636 -0.661512
v 4.063115 7.550633 -1.070371
v 4.625754 7.550632 -0.661659
v 3.715290 0.000000 0.000000
v 3.715327 7.399215 0.000000
v 1.736925 8.177727 -0.000002
v 2.114752 8.177727 1.162863
v 3.103906 8.177727 1.881566
v 4.326686 8.177726 1.881598
v 5.315747 8.177725 1.163127
v 5.693767 8.177723 0.000002
v 5.315749 8.177725 -1.163124
v 4.326689 8.177726 -1.881597
v 3.103910 8.177727 -1.881567
v 2.114754 8.177727 -1.162866
vt 0.656809 0.819946
vt 0.625719 0.819946
vt 0.625825 0.768259
vt 0.656808 0.768259
vt 0.594559 0.819946
vt 0.563294 0.819946
vt 0.563270 0.768259
vt 0.594703 0.768259
vt 0.750320 0.819946
vt 0.719059 0.819946
vt 0.718914 0.768259
vt 0.750346 0.768259
vt 0.687895 0.819946
vt 0.687792 0.768259
vt 0.472067 0.819946
vt 0.812352 0.819946
vt 0.814888 0.768259
vt 0.848602 0.768259
vt 0.781563 0.819946
vt 0.782248 0.768259
vt 0.532047 0.819946
vt 0.531358 0.768259
vt 0.501262 0.819946
vt 0.498727 0.768259
vt 0.748584 0.692497
vt 0.717665 0.692497
vt 0.715843 0.639176
vt 0.745338 0.639175
vt 0.656806 0.692497
vt 0.626458 0.692497
vt 0.627289 0.639176
vt 0.656809 0.639178
vt 0.565033 0.692497
vt 0.595952 0.692497
vt 0.568275 0.639176
vt 0.597780 0.639177
vt 0.687161 0.692497
vt 0.686327 0.639176
vt 0.628328 0.595988
vt 0.656813 0.595989
vt 0.572875 0.595988
vt 0.600213 0.595989
vt 0.713407 0.595986
vt 0.740736 0.595986
vt 0.685286 0.595987
vt 0.533262 0.692497
vt 0.538712 0.639177
vt 0.462451 0.692497
vt 0.813900 0.692497
vt 0.804700 0.639176
vt 0.835267 0.639178
vt 0.780344 0.692497
vt 0.774896 0.639176
vt 0.499712 0.692497
vt 0.508909 0.639176
vt 0.789761 0.595987
vt 0.808101 0.595989
vt 0.766589 0.595986
vt 0.547021 0.595989
vt 0.523848 0.595988
vt 0.588152 0.205744
vt 0.555643 0.205744
vt 0.551765 0.168028
vt 0.583154 0.168028
vt 0.497537 0.011247
vt 0.490497 0.011246
vt 0.489516 0.004423
vt 0.496384 0.004423
vt 0.450450 0.011247
vt 0.442821 0.011246
vt 0.443801 0.004423
vt 0.451178 0.004423
vt 0.087616 0.904485
vt 0.073210 0.904485
vt 0.073196 0.897714
vt 0.087598 0.897714
vt 0.130196 0.904485
vt 0.116016 0.904485
vt 0.116018 0.897714
vt 0.130199 0.897714
vt 0.158819 0.904485
vt 0.144430 0.904485
vt 0.144406 0.897714
vt 0.158838 0.897714
vt 0.101842 0.904485
vt 0.101815 0.897714
vt 0.474855 0.011246
vt 0.466658 0.011247
vt 0.466658 0.004423
vt 0.474467 0.004423
vt 0.482137 0.004423
vt 0.482866 0.011247
vt 0.458850 0.004423
vt 0.458462 0.011247
vt 0.173868 0.904485
vt 0.173868 0.897714
vt 0.041122 0.904485
vt 0.015455 0.904485
vt 0.216982 0.897714
vt 0.041075 0.897714
vt 0.058175 0.904485
vt 0.058165 0.897714
vt 0.190932 0.904485
vt 0.190946 0.897714
vt 0.429487 0.011247
vt 0.423964 0.011247
vt 0.507000 0.004423
vt 0.430893 0.004423
vt 0.436936 0.004423
vt 0.435783 0.011247
vt 0.502427 0.004423
vt 0.503831 0.011246
vt 0.408285 0.205744
vt 0.377673 0.205744
vt 0.381550 0.168028
vt 0.410884 0.168028
vt 0.430833 0.052244
vt 0.413349 0.052244
vt 0.426763 0.039276
vt 0.439496 0.039276
vt 0.484652 0.052244
vt 0.466658 0.052244
vt 0.466656 0.039276
vt 0.480402 0.039276
vt 0.477826 0.030213
vt 0.466658 0.030213
vt 0.466658 0.019950
vt 0.475781 0.019950
vt 0.493047 0.019950
vt 0.498889 0.030213
vt 0.488679 0.030213
vt 0.484658 0.019950
vt 0.506556 0.039276
vt 0.519967 0.052244
vt 0.502480 0.052244
vt 0.493816 0.039276
vt 0.434428 0.030213
vt 0.440272 0.019950
vt 0.448658 0.019950
vt 0.444638 0.030213
vt 0.455491 0.030213
vt 0.457537 0.019950
vt 0.448664 0.052244
vt 0.452918 0.039276
vt 0.495566 0.205744
vt 0.466657 0.205744
vt 0.466657 0.168028
vt 0.494272 0.168028
vt 0.491468 0.108608
vt 0.466657 0.108608
vt 0.466658 0.079772
vt 0.489135 0.079772
vt 0.534852 0.079772
vt 0.542675 0.108608
vt 0.516657 0.108608
vt 0.511792 0.079772
vt 0.525025 0.205744
vt 0.522426 0.168028
vt 0.519845 0.137521
vt 0.547751 0.137521
vt 0.466657 0.137521
vt 0.493015 0.137521
vt 0.390642 0.108608
vt 0.398465 0.079772
vt 0.421517 0.079772
vt 0.416652 0.108608
vt 0.441847 0.108608
vt 0.444181 0.079772
vt 0.437749 0.205744
vt 0.439043 0.168028
vt 0.440300 0.137521
vt 0.385565 0.137521
vt 0.413464 0.137521
vt 0.518118 0.039276
vt 0.536718 0.052244
vt 0.381218 0.052244
vt 0.368374 0.052244
vt 0.534869 0.039276
vt 0.405459 0.039276
vt 0.425908 0.019950
vt 0.417436 0.030213
vt 0.521915 0.030213
vt 0.513039 0.019950
vt 0.425234 0.030213
vt 0.432618 0.019950
vt 0.396599 0.052244
vt 0.415200 0.039276
vt 0.500701 0.019950
vt 0.508085 0.030213
vt 0.515883 0.030213
vt 0.507410 0.019950
vt 0.552106 0.052244
vt 0.527862 0.039276
vt 0.309716 0.205744
vt 0.269815 0.205744
vt 0.659116 0.168028
vt 0.315298 0.168028
vt 0.299494 0.108608
vt 0.607536 0.079772
vt 0.350492 0.079772
vt 0.333364 0.108608
vt 0.363203 0.108608
vt 0.374827 0.079772
vt 0.345171 0.205744
vt 0.350168 0.168028
vt 0.355783 0.137521
vt 0.649853 0.137521
vt 0.322714 0.137521
vt 0.558491 0.079772
vt 0.570117 0.108608
vt 0.599958 0.108608
vt 0.582832 0.079772
vt 0.623601 0.205744
vt 0.618020 0.168028
vt 0.610606 0.137521
vt 0.577539 0.137521
vt 0.405010 0.305409
vt 0.373258 0.305409
vt 0.373735 0.274417
vt 0.405395 0.274417
vt 0.497283 0.305409
vt 0.466656 0.305409
vt 0.466657 0.274417
vt 0.497077 0.274417
vt 0.496510 0.241473
vt 0.466657 0.241473
vt 0.558184 0.241473
vt 0.526846 0.241473
vt 0.559581 0.274417
vt 0.560058 0.305409
vt 0.528302 0.305409
vt 0.527916 0.274417
vt 0.406464 0.241473
vt 0.375132 0.241473
vt 0.436805 0.241473
vt 0.436034 0.305409
vt 0.436238 0.274417
vt 0.592351 0.274417
vt 0.592680 0.305409
vt 0.307486 0.305409
vt 0.275365 0.305409
vt 0.661053 0.274417
vt 0.307034 0.274417
vt 0.307336 0.241473
vt 0.663653 0.241473
vt 0.342279 0.241473
vt 0.340639 0.305409
vt 0.340970 0.274417
vt 0.591043 0.241473
vt 0.625980 0.241473
vt 0.625829 0.305409
vt 0.626282 0.274417
vt 0.216572 0.904485
vt 0.633824 0.108608
vt 0.283466 0.137521
vt 0.657955 0.305409
vt 0.841544 0.819946
vt 0.272266 0.274417
vt 0.269666 0.241473
vt 0.663504 0.205744
vt 0.274203 0.168028
vt 0.325782 0.079772
vt 0.478344 0.639178
vt 0.851160 0.692497
vt 0.465009 0.768259
vt 0.964755 0.871381
vt 0.974049 0.906195
vt 0.904451 0.906195
vt 0.964738 0.941001
vt 0.939265 0.845914
vt 0.939265 0.966491
vt 0.904451 0.836555
vt 0.904451 0.975830
vt 0.869637 0.845914
vt 0.869637 0.966491
vt 0.844147 0.871381
vt 0.844164 0.941001
vt 0.834853 0.906194
vt 0.084428 0.374551
vt 0.061613 0.387718
vt 0.057591 0.383509
vt 0.070135 0.361439
vt 0.088629 0.393488
vt 0.063244 0.393306
vt 0.052095 0.393213
vt 0.052022 0.382017
vt 0.051744 0.357223
vt 0.061751 0.398872
vt 0.083083 0.411510
vt 0.046492 0.383566
vt 0.034026 0.362562
vt 0.069614 0.424190
vt 0.057651 0.402890
vt 0.042488 0.387663
vt 0.021409 0.375762
vt 0.051868 0.428517
vt 0.052098 0.404308
vt 0.041058 0.393204
vt 0.016978 0.393330
vt 0.046582 0.402779
vt 0.034432 0.423577
vt 0.042552 0.398722
vt 0.021729 0.410746
vt 0.015344 0.483280
vt 0.014629 0.482867
vt 0.036230 0.461285
vt 0.036643 0.462001
vt 0.007578 0.512369
vt 0.006752 0.512369
vt 0.013913 0.482454
vt 0.035817 0.460570
vt 0.065733 0.453354
vt 0.065733 0.454180
vt 0.014643 0.541866
vt 0.015358 0.541453
vt 0.005927 0.512370
vt 0.065733 0.452528
vt 0.095236 0.461285
vt 0.094823 0.462001
vt 0.013928 0.542279
vt 0.036230 0.563468
vt 0.036643 0.562752
vt 0.095649 0.460570
vt 0.116837 0.482867
vt 0.116121 0.483280
vt 0.035817 0.564183
vt 0.065733 0.570555
vt 0.065733 0.571381
vt 0.117552 0.482454
vt 0.124713 0.512369
vt 0.123888 0.512369
vt 0.065733 0.572207
vt 0.095236 0.563468
vt 0.094823 0.562752
vt 0.125539 0.512369
vt 0.116823 0.541866
vt 0.116108 0.541452
vt 0.095649 0.564183
vt 0.117538 0.542279
vt 0.564944 0.052244
vt 0.398449 0.039276
vt 0.411404 0.030213
vt 0.420280 0.019950
vt 0.509357 0.011247
vt 0.505509 0.595989
vt 0.015046 0.897714
vt 0.426319 0.004423
vt 0.876077 0.622739
vt 0.882324 0.599341
vt 0.908331 0.614354
vt 0.906092 0.622739
vt 0.852270 0.622740
vt 0.861696 0.587433
vt 0.899455 0.582225
vt 0.914470 0.608221
vt 0.882335 0.646133
vt 0.908335 0.631121
vt 0.861713 0.658039
vt 0.887547 0.561606
vt 0.922854 0.575934
vt 0.922854 0.605967
vt 0.914470 0.637260
vt 0.899455 0.663266
vt 0.887547 0.683891
vt 0.922854 0.552115
vt 0.946253 0.582225
vt 0.931239 0.608221
vt 0.922854 0.669542
vt 0.922854 0.639509
vt 0.922854 0.693362
vt 0.958161 0.561606
vt 0.963385 0.599341
vt 0.937377 0.614354
vt 0.946253 0.663266
vt 0.931239 0.637260
vt 0.958161 0.683891
vt 0.984012 0.587433
vt 0.969631 0.622739
vt 0.939616 0.622738
vt 0.937374 0.631121
vt 0.963374 0.646133
vt 0.983996 0.658039
vt 0.993438 0.622740
vt 0.624641 0.588647
vt 0.585386 0.588647
vt 0.585134 0.547342
vt 0.624221 0.547342
vt 0.365226 0.311134
vt 0.399894 0.311134
vt 0.393998 0.506208
vt 0.355682 0.506208
vt 0.470046 0.311134
vt 0.505202 0.311134
vt 0.508013 0.506208
vt 0.470045 0.506208
vt 0.540192 0.311134
vt 0.574865 0.311134
vt 0.584409 0.506208
vt 0.546088 0.506208
vt 0.434890 0.311134
vt 0.432078 0.506208
vt 0.609001 0.311134
vt 0.623080 0.506208
vt 0.265612 0.311134
vt 0.297787 0.311134
vt 0.277883 0.506208
vt 0.238246 0.506208
vt 0.331094 0.311134
vt 0.317018 0.506208
vt 0.642305 0.311134
vt 0.674482 0.311134
vt 0.701849 0.506208
vt 0.662208 0.506208
vt 0.393441 0.588647
vt 0.354706 0.588647
vt 0.354958 0.547342
vt 0.393571 0.547342
vt 0.393645 0.538275
vt 0.355088 0.538275
vt 0.355265 0.527111
vt 0.393745 0.527111
vt 0.508184 0.538275
vt 0.470045 0.538275
vt 0.470045 0.527111
vt 0.508133 0.527111
vt 0.546340 0.527111
vt 0.584827 0.527111
vt 0.585004 0.538275
vt 0.546440 0.538275
vt 0.584615 0.515399
vt 0.546209 0.515399
vt 0.508070 0.515399
vt 0.470045 0.515399
vt 0.431908 0.538275
vt 0.431958 0.527111
vt 0.432021 0.515399
vt 0.393875 0.515399
vt 0.355477 0.515399
vt 0.508265 0.588647
vt 0.470045 0.588647
vt 0.470044 0.547342
vt 0.508219 0.547342
vt 0.546515 0.547342
vt 0.546644 0.588647
vt 0.431872 0.547342
vt 0.431826 0.588647
vt 0.623749 0.527111
vt 0.624023 0.538275
vt 0.276356 0.538275
vt 0.235147 0.538275
vt 0.235405 0.527111
vt 0.276770 0.527111
vt 0.316351 0.527111
vt 0.316076 0.538275
vt 0.316688 0.515399
vt 0.277320 0.515399
vt 0.236543 0.515399
vt 0.663323 0.527111
vt 0.704689 0.527111
vt 0.704947 0.538275
vt 0.663737 0.538275
vt 0.703551 0.515399
vt 0.662772 0.515399
vt 0.623410 0.515399
vt 0.275383 0.588647
vt 0.233860 0.588647
vt 0.235393 0.547342
vt 0.276073 0.547342
vt 0.315878 0.547342
vt 0.315458 0.588647
vt 0.704703 0.547342
vt 0.664019 0.547342
vt 0.706235 0.588647
vt 0.664709 0.588647
vt 0.819447 0.905800
vt 0.830953 0.862707
vt 0.832360 0.863524
vt 0.821073 0.905802
vt 0.862504 0.831186
vt 0.905595 0.819603
vt 0.905594 0.821229
vt 0.863315 0.832596
vt 0.905593 0.818010
vt 0.861705 0.829808
vt 0.829571 0.861913
vt 0.817856 0.905801
vt 0.905593 0.991993
vt 0.862502 0.980434
vt 0.863318 0.979025
vt 0.905596 0.990366
vt 0.830972 0.948883
vt 0.832382 0.948070
vt 0.829592 0.949678
vt 0.861706 0.981815
vt 0.905594 0.993585
vt 0.991741 0.905801
vt 0.980216 0.948883
vt 0.978808 0.948068
vt 0.990115 0.905799
vt 0.948686 0.980435
vt 0.947874 0.979024
vt 0.949482 0.981815
vt 0.981595 0.949680
vt 0.993334 0.905801
vt 0.948686 0.831187
vt 0.947872 0.832598
vt 0.980237 0.862709
vt 0.978827 0.863521
vt 0.981617 0.861913
vt 0.949484 0.829806
vt 0.200466 0.595183
vt 0.230994 0.595183
vt 0.230996 0.867021
vt 0.194525 0.867021
vt 0.140038 0.595183
vt 0.170093 0.595183
vt 0.157822 0.867021
vt 0.120612 0.867021
vt 0.394245 0.877900
vt 0.394245 0.889362
vt 0.372009 0.895335
vt 0.366280 0.885421
vt 0.355727 0.911602
vt 0.345806 0.905877
vt 0.349789 0.933839
vt 0.338341 0.933841
vt 0.291899 0.595183
vt 0.321954 0.595183
vt 0.341378 0.867021
vt 0.304175 0.867021
vt 0.261528 0.595183
vt 0.267466 0.867021
vt 0.355736 0.956072
vt 0.345820 0.961799
vt 0.372007 0.972354
vt 0.366282 0.982274
vt 0.394244 0.978320
vt 0.394246 0.989774
vt 0.380440 0.595183
vt 0.408747 0.595183
vt 0.459044 0.867021
vt 0.418445 0.867021
vt 0.351531 0.595183
vt 0.379359 0.867021
vt 0.416482 0.972355
vt 0.422210 0.982273
vt 0.432754 0.956073
vt 0.442671 0.961797
vt 0.438705 0.933840
vt 0.450147 0.933840
vt 0.110451 0.595183
vt 0.082626 0.867021
vt 0.053240 0.595183
vt 0.081550 0.595183
vt 0.043544 0.867021
vt 0.002944 0.867021
vt 0.432761 0.911605
vt 0.442687 0.905875
vt 0.416485 0.895332
vt 0.422208 0.885423
vt 0.394245 0.933840
vt 0.204662 0.449078
vt 0.175044 0.457023
vt 0.175044 0.397781
vt 0.226347 0.368162
vt 0.234254 0.397780
vt 0.175043 0.338535
vt 0.204661 0.346497
vt 0.226333 0.427392
vt 0.145425 0.346498
vt 0.123755 0.427393
vt 0.115834 0.397781
vt 0.145427 0.449079
vt 0.123740 0.368163
vt 0.206298 0.451914
vt 0.229167 0.429029
vt 0.175043 0.460297
vt 0.143788 0.451913
vt 0.229183 0.366527
vt 0.206299 0.343664
vt 0.237527 0.397782
vt 0.175045 0.335261
vt 0.143789 0.343663
vt 0.120906 0.366526
vt 0.120919 0.429028
vt 0.112561 0.397780
vt 0.826962 0.254804
vt 0.855032 0.254804
vt 0.855183 0.284876
vt 0.826954 0.284876
vt 0.851142 0.110463
vt 0.827087 0.110463
vt 0.827123 0.074795
vt 0.850591 0.074795
vt 0.733952 0.110463
vt 0.713643 0.110463
vt 0.714446 0.074795
vt 0.735344 0.074795
vt 0.731699 0.012734
vt 0.733487 0.043511
vt 0.710258 0.043511
vt 0.705198 0.012734
vt 0.803627 0.012734
vt 0.803669 0.043511
vt 0.780234 0.043511
vt 0.780039 0.012734
vt 0.780026 0.002972
vt 0.803633 0.002972
vt 0.827144 0.002972
vt 0.827142 0.012734
vt 0.827134 0.043511
vt 0.756834 0.043511
vt 0.756191 0.012734
vt 0.756154 0.002972
vt 0.706057 0.002972
vt 0.731610 0.002972
vt 0.803052 0.110463
vt 0.779274 0.110463
vt 0.780355 0.074795
vt 0.803646 0.074795
vt 0.757497 0.074795
vt 0.756066 0.110463
vt 0.850658 0.012734
vt 0.850600 0.043511
vt 0.922471 0.012734
vt 0.920732 0.043511
vt 0.897393 0.043511
vt 0.898029 0.012734
vt 0.898074 0.002972
vt 0.922548 0.002972
vt 0.948043 0.002972
vt 0.948923 0.012734
vt 0.943950 0.043511
vt 0.874023 0.043511
vt 0.874225 0.012734
vt 0.874252 0.002972
vt 0.850655 0.002972
vt 0.920251 0.110463
vt 0.898118 0.110463
vt 0.896737 0.074795
vt 0.918885 0.074795
vt 0.939795 0.074795
vt 0.940552 0.110463
vt 0.873876 0.074795
vt 0.874916 0.110463
vt 0.679286 0.254804
vt 0.711537 0.254804
vt 0.711785 0.284876
vt 0.682641 0.284876
vt 0.715762 0.199164
vt 0.684864 0.199164
vt 0.694670 0.168781
vt 0.721455 0.168781
vt 0.799833 0.199164
vt 0.772487 0.199164
vt 0.774475 0.168781
vt 0.800765 0.168781
vt 0.777089 0.138408
vt 0.801994 0.138408
vt 0.827060 0.138408
vt 0.827024 0.168781
vt 0.826996 0.199164
vt 0.706075 0.138408
vt 0.728640 0.138408
vt 0.752530 0.138408
vt 0.748061 0.168781
vt 0.744640 0.199164
vt 0.770618 0.253314
vt 0.798905 0.254804
vt 0.798740 0.284876
vt 0.770274 0.284876
vt 0.799259 0.226959
vt 0.771315 0.226959
vt 0.826981 0.226959
vt 0.712737 0.226959
vt 0.679932 0.226959
vt 0.742696 0.226959
vt 0.741694 0.253314
vt 0.741365 0.284876
vt 0.853292 0.168781
vt 0.854172 0.199164
vt 0.938324 0.199164
vt 0.909423 0.199164
vt 0.906037 0.168781
vt 0.932658 0.168781
vt 0.901613 0.138408
vt 0.925507 0.138408
vt 0.948075 0.138408
vt 0.959460 0.168781
vt 0.969240 0.199164
vt 0.852128 0.138408
vt 0.877044 0.138408
vt 0.879605 0.168781
vt 0.881552 0.199164
vt 0.912382 0.254804
vt 0.942532 0.254804
vt 0.942267 0.284876
vt 0.912701 0.284876
vt 0.941332 0.226959
vt 0.911360 0.226959
vt 0.974145 0.226959
vt 0.974768 0.254804
vt 0.971396 0.284876
vt 0.854707 0.226959
vt 0.882697 0.226959
vt 0.883397 0.254804
vt 0.883685 0.284876
vt 0.828017 0.410727
vt 0.851154 0.410727
vt 0.851123 0.455691
vt 0.826111 0.455691
vt 0.943028 0.410727
vt 0.964917 0.410727
vt 0.982637 0.455691
vt 0.954017 0.455691
vt 0.959290 0.506323
vt 0.990606 0.506323
vt 0.986520 0.544403
vt 0.959037 0.544403
vt 0.877176 0.506323
vt 0.903567 0.506323
vt 0.904079 0.544403
vt 0.877441 0.544403
vt 0.094370 0.363190
vt 0.070079 0.345558
vt 0.070659 0.343776
vt 0.095875 0.362096
vt 0.105515 0.391750
vt 0.103647 0.391755
vt 0.092631 0.364454
vt 0.069422 0.347582
vt 0.101508 0.391749
vt 0.851111 0.506323
vt 0.851099 0.544403
vt 0.006495 0.391748
vt 0.004628 0.391753
vt 0.014261 0.362104
vt 0.015776 0.363202
vt 0.040058 0.345549
vt 0.039480 0.343777
vt 0.930723 0.506323
vt 0.931268 0.544403
vt 0.040722 0.347594
vt 0.008634 0.391754
vt 0.017497 0.364453
vt 0.874307 0.410727
vt 0.897407 0.410727
vt 0.901392 0.455691
vt 0.876137 0.455691
vt 0.927195 0.455691
vt 0.920378 0.410727
vt 0.825045 0.506323
vt 0.824755 0.544403
vt 0.742904 0.506323
vt 0.771476 0.506323
vt 0.770915 0.544403
vt 0.743150 0.544403
vt 0.014261 0.421403
vt 0.015767 0.420305
vt 0.040060 0.437950
vt 0.039483 0.439726
vt 0.017507 0.419042
vt 0.040717 0.435915
vt 0.715681 0.544403
vt 0.711584 0.506323
vt 0.095876 0.421406
vt 0.094361 0.420308
vt 0.070082 0.437950
vt 0.070660 0.439726
vt 0.798641 0.506323
vt 0.798110 0.544403
vt 0.069418 0.435917
vt 0.092641 0.419056
vt 0.759349 0.410727
vt 0.781988 0.410727
vt 0.775075 0.455691
vt 0.748244 0.455691
vt 0.719604 0.455691
vt 0.737461 0.410727
vt 0.800874 0.455691
vt 0.804937 0.410727
vt 0.872996 0.383231
vt 0.894622 0.383231
vt 0.851181 0.383231
vt 0.871780 0.347482
vt 0.892148 0.347482
vt 0.851201 0.347482
vt 0.936219 0.383231
vt 0.955245 0.383231
vt 0.915825 0.383231
vt 0.912071 0.347482
vt 0.931285 0.347482
vt 0.949398 0.347482
vt 0.871527 0.296221
vt 0.891764 0.296221
vt 0.851183 0.296221
vt 0.931928 0.296221
vt 0.952511 0.296221
vt 0.911868 0.296221
vt 0.766189 0.383231
vt 0.786574 0.383231
vt 0.747174 0.383231
vt 0.771098 0.347482
vt 0.790304 0.347482
vt 0.752985 0.347482
vt 0.829368 0.383231
vt 0.807760 0.383231
vt 0.810245 0.347482
vt 0.830596 0.347482
vt 0.770398 0.296221
vt 0.790472 0.296221
vt 0.749797 0.296221
vt 0.830844 0.296221
vt 0.810588 0.296221
vt 0.184292 0.936386
vt 0.195202 0.921367
vt 0.212864 0.945670
vt 0.212864 0.915627
vt 0.212864 0.975711
vt 0.195206 0.969974
vt 0.184293 0.954954
vt 0.241436 0.954954
vt 0.230522 0.969974
vt 0.230526 0.921367
vt 0.241436 0.936386
vt 0.793041 0.838353
vt 0.806771 0.857378
vt 0.770672 0.869050
vt 0.770623 0.831067
vt 0.792891 0.899705
vt 0.770659 0.906875
vt 0.806692 0.880808
vt 0.748449 0.899659
vt 0.734676 0.880791
vt 0.748322 0.838391
vt 0.734619 0.857389
vt 0.811871 0.855741
vt 0.796203 0.834013
vt 0.811770 0.882475
vt 0.770616 0.825697
vt 0.745158 0.834070
vt 0.770649 0.912205
vt 0.796017 0.904034
vt 0.770649 0.912205
vt 0.745324 0.903976
vt 0.729603 0.882456
vt 0.729531 0.855753
vt 0.891762 0.290790
vt 0.911858 0.290790
vt 0.871524 0.290790
vt 0.851182 0.290790
vt 0.830842 0.290790
vt 0.751666 0.290790
vt 0.770499 0.290790
vt 0.950629 0.290790
vt 0.931810 0.290790
vt 0.790481 0.290790
vt 0.810601 0.290790
vt 0.197223 0.204149
vt 0.174248 0.204149
vt 0.171607 0.183275
vt 0.192746 0.183275
vt 0.141862 0.056369
vt 0.138391 0.056369
vt 0.141469 0.027574
vt 0.146582 0.027574
vt 0.124259 0.056370
vt 0.120807 0.056370
vt 0.115778 0.027574
vt 0.120901 0.027574
vt 0.920543 0.805201
vt 0.893535 0.796162
vt 0.907957 0.778415
vt 0.921786 0.782369
vt 0.877255 0.744494
vt 0.894059 0.721592
vt 0.906485 0.740578
vt 0.898606 0.752701
vt 0.105363 0.888526
vt 0.092831 0.888526
vt 0.092832 0.883280
vt 0.105364 0.883279
vt 0.118349 0.883278
vt 0.118347 0.888525
vt 0.921310 0.713054
vt 0.920382 0.735017
vt 0.118344 0.893038
vt 0.105366 0.893037
vt 0.092828 0.893036
vt 0.876999 0.772971
vt 0.899103 0.767075
vt 0.080069 0.888526
vt 0.080070 0.883278
vt 0.080061 0.893038
vt 0.052855 0.888521
vt 0.052836 0.883282
vt 0.066769 0.883280
vt 0.066772 0.888523
vt 0.066773 0.893039
vt 0.052868 0.893038
vt 0.134873 0.056369
vt 0.131318 0.056369
vt 0.131193 0.027574
vt 0.136337 0.027574
vt 0.136829 0.014665
vt 0.131204 0.014665
vt 0.131221 0.005129
vt 0.137005 0.005129
vt 0.142870 0.005129
vt 0.142490 0.014665
vt 0.114014 0.014665
vt 0.113334 0.005130
vt 0.119457 0.005130
vt 0.119846 0.014665
vt 0.125558 0.014665
vt 0.125400 0.005129
vt 0.127781 0.056369
vt 0.126045 0.027574
vt 0.948227 0.721851
vt 0.934001 0.740576
vt 0.964805 0.773726
vt 0.947732 0.796657
vt 0.935223 0.777477
vt 0.943224 0.765887
vt 0.037186 0.888516
vt 0.015074 0.888563
vt 0.015046 0.883309
vt 0.037120 0.883336
vt 0.037241 0.892985
vt 0.016026 0.892980
vt 0.964831 0.744882
vt 0.943038 0.751717
vt 0.147248 0.883336
vt 0.168986 0.883295
vt 0.168976 0.888574
vt 0.147196 0.888506
vt 0.168049 0.892981
vt 0.147150 0.892992
vt 0.131980 0.883281
vt 0.131964 0.888520
vt 0.131953 0.893039
vt 0.117429 0.056370
vt 0.114172 0.056370
vt 0.105695 0.027574
vt 0.110696 0.027574
vt 0.101789 0.014665
vt 0.101021 0.005130
vt 0.107047 0.005130
vt 0.108036 0.014665
vt 0.148878 0.005129
vt 0.148248 0.014665
vt 0.161022 0.005129
vt 0.160422 0.014665
vt 0.154172 0.014665
vt 0.155044 0.005129
vt 0.156658 0.027574
vt 0.148505 0.056369
vt 0.145239 0.056369
vt 0.151656 0.027574
vt 0.165336 0.141710
vt 0.154723 0.141710
vt 0.147900 0.129266
vt 0.155306 0.129266
vt 0.108973 0.141710
vt 0.098353 0.141710
vt 0.108297 0.129266
vt 0.115703 0.129266
vt 0.143445 0.141710
vt 0.131855 0.141710
vt 0.131803 0.129266
vt 0.139980 0.129266
vt 0.135884 0.095242
vt 0.131577 0.095242
vt 0.140145 0.095242
vt 0.123009 0.095242
vt 0.118836 0.095242
vt 0.127269 0.095242
vt 0.120259 0.141710
vt 0.123624 0.129266
vt 0.088910 0.141710
vt 0.081247 0.141710
vt 0.096010 0.129266
vt 0.101660 0.129266
vt 0.114793 0.095242
vt 0.110905 0.095242
vt 0.144316 0.095242
vt 0.152246 0.095242
vt 0.148360 0.095242
vt 0.182416 0.141710
vt 0.174770 0.141710
vt 0.161942 0.129266
vt 0.167595 0.129266
vt 0.089597 0.204149
vt 0.066604 0.204149
vt 0.071058 0.183275
vt 0.092230 0.183275
vt 0.077417 0.166812
vt 0.095943 0.166812
vt 0.131915 0.166812
vt 0.149770 0.166812
vt 0.151519 0.183275
vt 0.131928 0.183275
vt 0.146339 0.152289
vt 0.131883 0.152289
vt 0.160609 0.152289
vt 0.167863 0.166812
vt 0.114055 0.166812
vt 0.112335 0.183275
vt 0.117423 0.152289
vt 0.089367 0.152290
vt 0.103146 0.152290
vt 0.152759 0.204149
vt 0.131929 0.204149
vt 0.111106 0.204149
vt 0.186362 0.166812
vt 0.039899 0.166812
vt 0.058452 0.166812
vt 0.047938 0.183276
vt 0.021148 0.183276
vt 0.076763 0.152290
vt 0.066698 0.152290
vt 0.205316 0.166812
vt 0.223887 0.166812
vt 0.242669 0.183275
vt 0.215843 0.183275
vt 0.197033 0.152289
vt 0.186976 0.152289
vt 0.174375 0.152289
vt 0.040741 0.204149
vt 0.008936 0.204149
vt 0.254892 0.204149
vt 0.223064 0.204149
vt 0.641844 0.990544
vt 0.617126 0.990544
vt 0.617149 0.940619
vt 0.642109 0.940619
vt 0.131933 0.224110
vt 0.153647 0.224110
vt 0.155266 0.323558
vt 0.131914 0.323558
vt 0.176143 0.224110
vt 0.178853 0.323558
vt 0.063505 0.224111
vt 0.087713 0.224111
vt 0.085006 0.323558
vt 0.061033 0.323558
vt 0.110200 0.224110
vt 0.108578 0.323558
vt 0.002944 0.224111
vt 0.036070 0.224111
vt 0.036691 0.323558
vt 0.012431 0.323559
vt 0.200329 0.224110
vt 0.202824 0.323558
vt 0.227754 0.224110
vt 0.260875 0.224110
vt 0.251382 0.323558
vt 0.227145 0.323558
vt 0.518242 0.990544
vt 0.494033 0.990544
vt 0.490909 0.940619
vt 0.517220 0.940619
vt 0.269567 0.961691
vt 0.290656 0.968543
vt 0.290656 0.969308
vt 0.269118 0.962308
vt 0.269562 0.903639
vt 0.256532 0.921578
vt 0.255807 0.921340
vt 0.269114 0.903023
vt 0.290655 0.896021
vt 0.290657 0.896784
vt 0.256533 0.943753
vt 0.255807 0.943988
vt 0.690598 0.990544
vt 0.666461 0.990544
vt 0.667519 0.940619
vt 0.693809 0.940619
vt 0.270054 0.904317
vt 0.257328 0.921836
vt 0.290656 0.897622
vt 0.713423 0.990544
vt 0.721655 0.940619
vt 0.257329 0.943493
vt 0.290656 0.967705
vt 0.270059 0.961014
vt 0.471183 0.990544
vt 0.463056 0.940619
vt 0.312198 0.903022
vt 0.311750 0.903640
vt 0.311745 0.961691
vt 0.324778 0.943752
vt 0.325506 0.943988
vt 0.312193 0.962308
vt 0.324780 0.921577
vt 0.325505 0.921340
vt 0.567653 0.990544
vt 0.542900 0.990544
vt 0.542652 0.940619
vt 0.567610 0.940619
vt 0.323982 0.943493
vt 0.311253 0.961014
vt 0.592385 0.990544
vt 0.592379 0.940619
vt 0.323983 0.921836
vt 0.311257 0.904317
vt 0.664931 0.874146
vt 0.690671 0.874146
vt 0.640450 0.874146
vt 0.494130 0.874146
vt 0.519852 0.874146
vt 0.720354 0.874146
vt 0.464449 0.874146
vt 0.544321 0.874146
vt 0.568402 0.874146
vt 0.616366 0.874146
vt 0.592377 0.874146
vt 0.684691 0.850577
vt 0.662309 0.850577
vt 0.659917 0.837526
vt 0.679194 0.837526
vt 0.639272 0.850577
vt 0.638235 0.837526
vt 0.705683 0.850577
vt 0.692857 0.837526
vt 0.522499 0.850577
vt 0.500127 0.850577
vt 0.505644 0.837526
vt 0.524881 0.837526
vt 0.479165 0.850577
vt 0.491982 0.837526
vt 0.750100 0.934753
vt 0.757756 0.924214
vt 0.770150 0.941268
vt 0.770150 0.920186
vt 0.750100 0.947783
vt 0.770150 0.962349
vt 0.757759 0.958323
vt 0.568882 0.850577
vt 0.545512 0.850577
vt 0.546556 0.837526
vt 0.569286 0.837526
vt 0.592387 0.850577
vt 0.592389 0.837526
vt 0.615887 0.850577
vt 0.615511 0.837526
vt 0.790199 0.947783
vt 0.782541 0.958323
vt 0.790200 0.934753
vt 0.782544 0.924214
vt 0.093323 0.476147
vt 0.109727 0.498731
vt 0.066767 0.512690
vt 0.066766 0.467516
vt 0.093317 0.549234
vt 0.066766 0.557861
vt 0.109727 0.526649
vt 0.040215 0.549234
vt 0.023805 0.526650
vt 0.040209 0.476147
vt 0.023804 0.498730
vn 0.000238 -0.229160 -0.973389
vn -0.486481 -0.229260 -0.843075
vn -0.492145 -0.174334 -0.852878
vn 0.000232 -0.174263 -0.984699
vn -0.842917 -0.229195 -0.486786
vn -0.973360 -0.229281 -0.000001
vn -0.984684 -0.174349 -0.000001
vn -0.852715 -0.174289 -0.492443
vn -0.486481 -0.229260 -0.843075
vn -0.842917 -0.229195 -0.486786
vn -0.852715 -0.174289 -0.492443
vn -0.492145 -0.174334 -0.852878
vn 0.973360 -0.229280 0.000001
vn 0.842823 -0.229250 -0.486922
vn 0.852631 -0.174329 -0.492575
vn 0.984684 -0.174351 0.000001
vn 0.486383 -0.229211 -0.843145
vn 0.000238 -0.229160 -0.973389
vn 0.000232 -0.174263 -0.984699
vn 0.492050 -0.174299 -0.852940
vn 0.842823 -0.229250 -0.486922
vn 0.486383 -0.229211 -0.843145
vn 0.492050 -0.174299 -0.852940
vn 0.852631 -0.174329 -0.492575
vn 0.000236 -0.229160 0.973389
vn 0.486382 -0.229210 0.843146
vn 0.492049 -0.174299 0.852941
vn 0.000230 -0.174263 0.984699
vn 0.842822 -0.229250 0.486924
vn 0.973360 -0.229280 0.000001
vn 0.984684 -0.174351 0.000001
vn 0.852630 -0.174329 0.492577
vn 0.486382 -0.229210 0.843146
vn 0.842822 -0.229250 0.486924
vn 0.852630 -0.174329 0.492577
vn 0.492049 -0.174299 0.852941
vn -0.984684 -0.174349 -0.000001
vn -0.973360 -0.229281 -0.000001
vn -0.842918 -0.229195 0.486785
vn -0.852716 -0.174289 0.492442
vn -0.486483 -0.229260 0.843074
vn 0.000236 -0.229160 0.973389
vn 0.000230 -0.174263 0.984699
vn -0.492147 -0.174334 0.852877
vn -0.842918 -0.229195 0.486785
vn -0.486483 -0.229260 0.843074
vn -0.492147 -0.174334 0.852877
vn -0.852716 -0.174289 0.492442
vn 0.999971 0.007662 0.000001
vn 0.865871 0.007660 -0.500210
vn 0.806269 0.364666 -0.465777
vn 0.931124 0.364702 0.000001
vn 0.000228 0.007654 -0.999971
vn -0.499790 0.007655 -0.866113
vn -0.465385 0.364650 -0.806503
vn 0.000219 0.364559 -0.931180
vn -0.499790 0.007655 -0.866113
vn 0.000228 0.007654 -0.999971
vn 0.000232 -0.174263 -0.984699
vn -0.492145 -0.174334 -0.852878
vn -0.999971 0.007657 -0.000001
vn -0.865944 0.007659 -0.500082
vn -0.852715 -0.174289 -0.492443
vn -0.984684 -0.174349 -0.000001
vn -0.852715 -0.174289 -0.492443
vn -0.865944 0.007659 -0.500082
vn -0.499790 0.007655 -0.866113
vn -0.492145 -0.174334 -0.852878
vn -0.865944 0.007659 -0.500082
vn -0.999971 0.007657 -0.000001
vn -0.931135 0.364674 -0.000001
vn -0.806356 0.364609 -0.465672
vn -0.499790 0.007655 -0.866113
vn -0.865944 0.007659 -0.500082
vn -0.806356 0.364609 -0.465672
vn -0.465385 0.364650 -0.806503
vn 0.865871 0.007660 -0.500210
vn 0.999971 0.007662 0.000001
vn 0.984684 -0.174351 0.000001
vn 0.852631 -0.174329 -0.492575
vn 0.000232 -0.174263 -0.984699
vn 0.000228 0.007654 -0.999971
vn 0.499699 0.007655 -0.866165
vn 0.492050 -0.174299 -0.852940
vn 0.492050 -0.174299 -0.852940
vn 0.499699 0.007655 -0.866165
vn 0.865871 0.007660 -0.500210
vn 0.852631 -0.174329 -0.492575
vn 0.499699 0.007655 -0.866165
vn 0.000228 0.007654 -0.999971
vn 0.000219 0.364559 -0.931180
vn 0.465317 0.364605 -0.806563
vn 0.865871 0.007660 -0.500210
vn 0.499699 0.007655 -0.866165
vn 0.465317 0.364605 -0.806563
vn 0.806269 0.364666 -0.465777
vn -0.465385 0.364650 -0.806503
vn -0.389466 0.626687 -0.674967
vn 0.000202 0.626556 -0.779377
vn 0.000219 0.364559 -0.931180
vn -0.779250 0.626713 -0.000001
vn -0.674878 0.626606 -0.389749
vn -0.806356 0.364609 -0.465672
vn -0.931135 0.364674 -0.000001
vn -0.806356 0.364609 -0.465672
vn -0.674878 0.626606 -0.389749
vn -0.389466 0.626687 -0.674967
vn -0.465385 0.364650 -0.806503
vn 0.806269 0.364666 -0.465777
vn 0.674748 0.626708 -0.389811
vn 0.779215 0.626757 0.000001
vn 0.931124 0.364702 0.000001
vn 0.000219 0.364559 -0.931180
vn 0.000202 0.626556 -0.779377
vn 0.389425 0.626631 -0.675042
vn 0.465317 0.364605 -0.806563
vn 0.465317 0.364605 -0.806563
vn 0.389425 0.626631 -0.675042
vn 0.674748 0.626708 -0.389811
vn 0.806269 0.364666 -0.465777
vn -0.931135 0.364674 -0.000001
vn -0.999971 0.007657 -0.000001
vn -0.865945 0.007659 0.500080
vn -0.806357 0.364609 0.465671
vn 0.000226 0.007654 0.999971
vn 0.499698 0.007654 0.866166
vn 0.465315 0.364605 0.806564
vn 0.000218 0.364559 0.931180
vn 0.499698 0.007654 0.866166
vn 0.000226 0.007654 0.999971
vn 0.000230 -0.174263 0.984699
vn 0.492049 -0.174299 0.852941
vn 0.984684 -0.174351 0.000001
vn 0.999971 0.007662 0.000001
vn 0.865870 0.007660 0.500211
vn 0.852630 -0.174329 0.492577
vn 0.852630 -0.174329 0.492577
vn 0.865870 0.007660 0.500211
vn 0.499698 0.007654 0.866166
vn 0.492049 -0.174299 0.852941
vn 0.865870 0.007660 0.500211
vn 0.999971 0.007662 0.000001
vn 0.931124 0.364702 0.000001
vn 0.806269 0.364666 0.465779
vn 0.499698 0.007654 0.866166
vn 0.865870 0.007660 0.500211
vn 0.806269 0.364666 0.465779
vn 0.465315 0.364605 0.806564
vn -0.865945 0.007659 0.500080
vn -0.999971 0.007657 -0.000001
vn -0.984684 -0.174349 -0.000001
vn -0.852716 -0.174289 0.492442
vn 0.000230 -0.174263 0.984699
vn 0.000226 0.007654 0.999971
vn -0.499791 0.007655 0.866112
vn -0.492147 -0.174334 0.852877
vn -0.492147 -0.174334 0.852877
vn -0.499791 0.007655 0.866112
vn -0.865945 0.007659 0.500080
vn -0.852716 -0.174289 0.492442
vn -0.499791 0.007655 0.866112
vn 0.000226 0.007654 0.999971
vn 0.000218 0.364559 0.931180
vn -0.465386 0.364650 0.806503
vn -0.865945 0.007659 0.500080
vn -0.499791 0.007655 0.866112
vn -0.465386 0.364650 0.806503
vn -0.806357 0.364609 0.465671
vn 0.465315 0.364605 0.806564
vn 0.389424 0.626631 0.675042
vn 0.000201 0.626556 0.779377
vn 0.000218 0.364559 0.931180
vn 0.931124 0.364702 0.000001
vn 0.779215 0.626757 0.000001
vn 0.674747 0.626708 0.389812
vn 0.806269 0.364666 0.465779
vn 0.806269 0.364666 0.465779
vn 0.674747 0.626708 0.389812
vn 0.389424 0.626631 0.675042
vn 0.465315 0.364605 0.806564
vn -0.806357 0.364609 0.465671
vn -0.674879 0.626606 0.389748
vn -0.779250 0.626713 -0.000001
vn -0.931135 0.364674 -0.000001
vn 0.000218 0.364559 0.931180
vn 0.000201 0.626556 0.779377
vn -0.389467 0.626687 0.674966
vn -0.465386 0.364650 0.806503
vn -0.465386 0.364650 0.806503
vn -0.389467 0.626687 0.674966
vn -0.674879 0.626606 0.389748
vn -0.806357 0.364609 0.465671
vn -0.454999 0.850843 0.262758
vn -0.525333 0.850897 -0.000001
vn -0.779250 0.626713 -0.000001
vn -0.674879 0.626606 0.389748
vn -0.389467 0.626687 0.674966
vn -0.262563 0.850891 0.455022
vn -0.454999 0.850843 0.262758
vn -0.674879 0.626606 0.389748
vn 0.000201 0.626556 0.779377
vn 0.000129 0.850829 0.525443
vn -0.262563 0.850891 0.455022
vn -0.389467 0.626687 0.674966
vn 0.262490 0.850882 0.455081
vn 0.000129 0.850829 0.525443
vn 0.000201 0.626556 0.779377
vn 0.389424 0.626631 0.675042
vn 0.674747 0.626708 0.389812
vn 0.454807 0.850940 0.262777
vn 0.262490 0.850882 0.455081
vn 0.389424 0.626631 0.675042
vn 0.779215 0.626757 0.000001
vn 0.525209 0.850973 0.000001
vn 0.454807 0.850940 0.262777
vn 0.674747 0.626708 0.389812
vn 0.454807 0.850940 -0.262776
vn 0.525209 0.850973 0.000001
vn 0.779215 0.626757 0.000001
vn 0.674748 0.626708 -0.389811
vn 0.389425 0.626631 -0.675042
vn 0.262490 0.850882 -0.455080
vn 0.454807 0.850940 -0.262776
vn 0.674748 0.626708 -0.389811
vn 0.000202 0.626556 -0.779377
vn 0.000130 0.850829 -0.525443
vn 0.262490 0.850882 -0.455080
vn 0.389425 0.626631 -0.675042
vn -0.262562 0.850891 -0.455022
vn 0.000130 0.850829 -0.525443
vn 0.000202 0.626556 -0.779377
vn -0.389466 0.626687 -0.674967
vn -0.674878 0.626606 -0.389749
vn -0.454998 0.850843 -0.262759
vn -0.262562 0.850891 -0.455022
vn -0.389466 0.626687 -0.674967
vn -0.525333 0.850897 -0.000001
vn -0.454998 0.850843 -0.262759
vn -0.674878 0.626606 -0.389749
vn -0.779250 0.626713 -0.000001
vn 0.525209 0.850973 0.000001
vn -0.000021 1.000000 -0.000000
vn 0.454807 0.850940 0.262777
vn -0.454998 0.850843 -0.262759
vn -0.525333 0.850897 -0.000001
vn -0.000021 1.000000 -0.000000
vn -0.000021 1.000000 -0.000000
vn -0.525333 0.850897 -0.000001
vn -0.454999 0.850843 0.262758
vn -0.000021 1.000000 -0.000000
vn -0.454999 0.850843 0.262758
vn -0.262563 0.850891 0.455022
vn -0.000021 1.000000 -0.000000
vn -0.262563 0.850891 0.455022
vn 0.000129 0.850829 0.525443
vn -0.000021 1.000000 -0.000000
vn 0.000129 0.850829 0.525443
vn 0.262490 0.850882 0.455081
vn -0.000021 1.000000 -0.000000
vn 0.262490 0.850882 0.455081
vn 0.454807 0.850940 0.262777
vn 0.454807 0.850940 -0.262776
vn -0.000021 1.000000 -0.000000
vn 0.525209 0.850973 0.000001
vn 0.262490 0.850882 -0.455080
vn -0.000021 1.000000 -0.000000
vn 0.454807 0.850940 -0.262776
vn 0.000130 0.850829 -0.525443
vn -0.000021 1.000000 -0.000000
vn 0.262490 0.850882 -0.455080
vn -0.262562 0.850891 -0.455022
vn -0.000021 1.000000 -0.000000
vn 0.000130 0.850829 -0.525443
vn -0.454998 0.850843 -0.262759
vn -0.000021 1.000000 -0.000000
vn -0.262562 0.850891 -0.455022
vn 0.855941 0.151751 -0.494305
vn 0.988410 0.151807 0.000001
vn 0.998701 0.050947 0.000001
vn 0.864846 0.050930 -0.499447
vn 0.730572 0.536893 -0.421912
vn 0.843490 0.537146 0.000001
vn 0.742636 0.669695 0.000001
vn 0.643217 0.669546 -0.371457
vn -0.730415 0.537035 0.422004
vn -0.843520 0.537098 -0.000001
vn -0.742644 0.669686 -0.000000
vn -0.643095 0.669639 0.371501
vn -0.418566 0.875407 0.241794
vn -0.483360 0.875422 -0.000000
vn 0.079460 -0.996838 0.000000
vn 0.068833 -0.996836 -0.039754
vn 0.241621 0.875388 0.418708
vn -0.000104 0.875364 0.483465
vn 0.000009 -0.996829 -0.079574
vn -0.039706 -0.996841 -0.068794
vn 0.483404 0.875397 0.000000
vn 0.418623 0.875391 0.241755
vn -0.068894 -0.996830 -0.039784
vn -0.079410 -0.996842 -0.000000
vn -0.068894 -0.996830 -0.039784
vn 0.418623 0.875391 0.241755
vn 0.241621 0.875388 0.418708
vn -0.039706 -0.996841 -0.068794
vn 0.000009 -0.996829 -0.079574
vn -0.000104 0.875364 0.483465
vn -0.241593 0.875375 0.418750
vn 0.039739 -0.996835 -0.068858
vn 0.039739 -0.996835 -0.068858
vn -0.241593 0.875375 0.418750
vn -0.418566 0.875407 0.241794
vn 0.068833 -0.996836 -0.039754
vn 0.421574 0.537108 0.730609
vn -0.000220 0.536842 0.843683
vn -0.000161 0.669496 0.742816
vn 0.371192 0.669665 0.643246
vn -0.000079 0.952856 0.303424
vn 0.151601 0.952885 0.262732
vn 0.114630 0.973339 0.198672
vn -0.000068 0.973312 0.229485
vn 0.262720 0.952868 0.151723
vn 0.303313 0.952891 0.000000
vn 0.229345 0.973345 0.000000
vn 0.198687 0.973323 0.114746
vn 0.114630 0.973339 0.198672
vn 0.151601 0.952885 0.262732
vn 0.262720 0.952868 0.151723
vn 0.198687 0.973323 0.114746
vn 0.742636 0.669695 0.000001
vn 0.843490 0.537146 0.000001
vn 0.730572 0.536893 0.421913
vn 0.643216 0.669546 0.371458
vn 0.730572 0.536893 0.421913
vn 0.421574 0.537108 0.730609
vn 0.371192 0.669665 0.643246
vn 0.643216 0.669546 0.371458
vn -0.303302 0.952895 -0.000000
vn -0.262647 0.952885 0.151746
vn -0.198606 0.973338 0.114759
vn -0.229341 0.973346 -0.000000
vn -0.151587 0.952870 0.262793
vn -0.000079 0.952856 0.303424
vn -0.000068 0.973312 0.229485
vn -0.114623 0.973326 0.198742
vn -0.198606 0.973338 0.114759
vn -0.262647 0.952885 0.151746
vn -0.151587 0.952870 0.262793
vn -0.114623 0.973326 0.198742
vn -0.000220 0.536842 0.843683
vn -0.421512 0.536978 0.730741
vn -0.371168 0.669581 0.643347
vn -0.000161 0.669496 0.742816
vn -0.421512 0.536978 0.730741
vn -0.730415 0.537035 0.422004
vn -0.643095 0.669639 0.371501
vn -0.371168 0.669581 0.643347
vn 0.418624 0.875391 -0.241754
vn 0.483404 0.875397 0.000000
vn -0.079410 -0.996842 -0.000000
vn -0.068894 -0.996830 0.039784
vn -0.241593 0.875375 -0.418750
vn -0.000103 0.875364 -0.483465
vn 0.000009 -0.996829 0.079574
vn 0.039738 -0.996835 0.068858
vn 0.079460 -0.996838 0.000000
vn -0.483360 0.875422 -0.000000
vn -0.418566 0.875407 -0.241795
vn 0.068833 -0.996836 0.039754
vn 0.068833 -0.996836 0.039754
vn -0.418566 0.875407 -0.241795
vn -0.241593 0.875375 -0.418750
vn 0.039738 -0.996835 0.068858
vn 0.000009 -0.996829 0.079574
vn -0.000103 0.875364 -0.483465
vn 0.241622 0.875388 -0.418707
vn -0.039706 -0.996841 0.068794
vn -0.039706 -0.996841 0.068794
vn 0.241622 0.875388 -0.418707
vn 0.418624 0.875391 -0.241754
vn -0.068894 -0.996830 0.039784
vn -0.421511 0.536978 -0.730742
vn -0.000218 0.536842 -0.843683
vn -0.000159 0.669496 -0.742816
vn -0.371167 0.669581 -0.643347
vn -0.000078 0.952856 -0.303424
vn -0.151586 0.952870 -0.262793
vn -0.114623 0.973326 -0.198742
vn -0.000067 0.973312 -0.229485
vn -0.262647 0.952885 -0.151747
vn -0.303302 0.952895 -0.000000
vn -0.229341 0.973346 -0.000000
vn -0.198606 0.973338 -0.114759
vn -0.114623 0.973326 -0.198742
vn -0.151586 0.952870 -0.262793
vn -0.262647 0.952885 -0.151747
vn -0.198606 0.973338 -0.114759
vn -0.843520 0.537098 -0.000001
vn -0.730415 0.537035 -0.422005
vn -0.643094 0.669639 -0.371502
vn -0.742644 0.669686 -0.000000
vn -0.730415 0.537035 -0.422005
vn -0.421511 0.536978 -0.730742
vn -0.371167 0.669581 -0.643347
vn -0.643094 0.669639 -0.371502
vn 0.229345 0.973345 0.000000
vn 0.303313 0.952891 0.000000
vn 0.262720 0.952868 -0.151723
vn 0.198687 0.973322 -0.114746
vn 0.151601 0.952885 -0.262731
vn -0.000078 0.952856 -0.303424
vn -0.000067 0.973312 -0.229485
vn 0.114631 0.973339 -0.198672
vn 0.198687 0.973322 -0.114746
vn 0.262720 0.952868 -0.151723
vn 0.151601 0.952885 -0.262731
vn 0.114631 0.973339 -0.198672
vn -0.000218 0.536842 -0.843683
vn 0.421575 0.537108 -0.730609
vn 0.371193 0.669665 -0.643245
vn -0.000159 0.669496 -0.742816
vn 0.421575 0.537108 -0.730609
vn 0.730572 0.536893 -0.421912
vn 0.643217 0.669546 -0.371457
vn 0.371193 0.669665 -0.643245
vn -0.855856 0.151787 0.494439
vn -0.988410 0.151808 -0.000001
vn -0.998701 0.050948 -0.000001
vn -0.864767 0.050942 0.499582
vn -0.588722 -0.733294 0.340128
vn -0.679864 -0.733338 -0.000001
vn -0.675388 -0.737463 -0.000000
vn -0.584854 -0.737408 0.337899
vn 0.339808 -0.733302 0.588896
vn -0.000171 -0.733160 0.680057
vn -0.000173 -0.737245 0.675626
vn 0.337557 -0.737448 0.585000
vn 0.486058 -0.232713 0.842373
vn -0.000260 -0.232569 0.972580
vn -0.000270 0.139439 0.990231
vn 0.494887 0.139534 0.857681
vn 0.990215 0.139547 0.000001
vn 0.972542 -0.232728 0.000001
vn 0.842215 -0.232588 0.486392
vn 0.857500 0.139459 0.495222
vn 0.843490 0.537146 0.000001
vn 0.990215 0.139547 0.000001
vn 0.857500 0.139459 0.495222
vn 0.730572 0.536893 0.421913
vn 0.842215 -0.232588 0.486392
vn 0.486058 -0.232713 0.842373
vn 0.494887 0.139534 0.857681
vn 0.857500 0.139459 0.495222
vn 0.494887 0.139534 0.857681
vn 0.421574 0.537108 0.730609
vn 0.730572 0.536893 0.421913
vn 0.857500 0.139459 0.495222
vn -0.000270 0.139439 0.990231
vn -0.000220 0.536842 0.843683
vn 0.421574 0.537108 0.730609
vn 0.494887 0.139534 0.857681
vn 0.675364 -0.737484 0.000001
vn 0.679870 -0.733333 0.000001
vn 0.588857 -0.733214 0.340067
vn 0.585020 -0.737298 0.337852
vn 0.972542 -0.232728 0.000001
vn 0.675364 -0.737484 0.000001
vn 0.585020 -0.737298 0.337852
vn 0.842215 -0.232588 0.486392
vn 0.588857 -0.733214 0.340067
vn 0.339808 -0.733302 0.588896
vn 0.337557 -0.737448 0.585000
vn 0.585020 -0.737298 0.337852
vn 0.337557 -0.737448 0.585000
vn 0.486058 -0.232713 0.842373
vn 0.842215 -0.232588 0.486392
vn 0.585020 -0.737298 0.337852
vn -0.000173 -0.737245 0.675626
vn -0.000260 -0.232569 0.972580
vn 0.486058 -0.232713 0.842373
vn 0.337557 -0.737448 0.585000
vn -0.972550 -0.232694 -0.000001
vn -0.990218 0.139532 -0.000001
vn -0.857396 0.139509 0.495388
vn -0.842106 -0.232663 0.486545
vn -0.000270 0.139439 0.990231
vn -0.000260 -0.232569 0.972580
vn -0.485940 -0.232642 0.842461
vn -0.494757 0.139487 0.857764
vn -0.421512 0.536978 0.730741
vn -0.000220 0.536842 0.843683
vn -0.000270 0.139439 0.990231
vn -0.494757 0.139487 0.857764
vn -0.494757 0.139487 0.857764
vn -0.485940 -0.232642 0.842461
vn -0.842106 -0.232663 0.486545
vn -0.857396 0.139509 0.495388
vn -0.730415 0.537035 0.422004
vn -0.421512 0.536978 0.730741
vn -0.494757 0.139487 0.857764
vn -0.857396 0.139509 0.495388
vn -0.990218 0.139532 -0.000001
vn -0.843520 0.537098 -0.000001
vn -0.730415 0.537035 0.422004
vn -0.857396 0.139509 0.495388
vn -0.000171 -0.733160 0.680057
vn -0.339769 -0.733231 0.589007
vn -0.337533 -0.737348 0.585141
vn -0.000173 -0.737245 0.675626
vn -0.337533 -0.737348 0.585141
vn -0.485940 -0.232642 0.842461
vn -0.000260 -0.232569 0.972580
vn -0.000173 -0.737245 0.675626
vn -0.339769 -0.733231 0.589007
vn -0.588722 -0.733294 0.340128
vn -0.584854 -0.737408 0.337899
vn -0.337533 -0.737348 0.585141
vn -0.584854 -0.737408 0.337899
vn -0.842106 -0.232663 0.486545
vn -0.485940 -0.232642 0.842461
vn -0.337533 -0.737348 0.585141
vn -0.675388 -0.737463 -0.000000
vn -0.972550 -0.232694 -0.000001
vn -0.842106 -0.232663 0.486545
vn -0.584854 -0.737408 0.337899
vn 0.494007 0.151793 0.856105
vn -0.000233 0.151727 0.988423
vn -0.000233 0.050922 0.998703
vn 0.499152 0.050942 0.865016
vn 0.456250 -0.408261 0.790670
vn -0.000213 -0.408147 0.912916
vn -0.000189 -0.606734 0.794905
vn 0.397244 -0.606857 0.688419
vn 0.794787 -0.606888 0.000001
vn 0.912853 -0.408289 0.000001
vn 0.790537 -0.408200 0.456535
vn 0.688323 -0.606794 0.397508
vn 0.679870 -0.733333 0.000001
vn 0.794787 -0.606888 0.000001
vn 0.688323 -0.606794 0.397508
vn 0.588857 -0.733214 0.340067
vn 0.790537 -0.408200 0.456535
vn 0.456250 -0.408261 0.790670
vn 0.397244 -0.606857 0.688419
vn 0.688323 -0.606794 0.397508
vn 0.397244 -0.606857 0.688419
vn 0.339808 -0.733302 0.588896
vn 0.588857 -0.733214 0.340067
vn 0.688323 -0.606794 0.397508
vn -0.000189 -0.606734 0.794905
vn -0.000171 -0.733160 0.680057
vn 0.339808 -0.733302 0.588896
vn 0.397244 -0.606857 0.688419
vn 0.998701 0.050947 0.000001
vn 0.988410 0.151807 0.000001
vn 0.855940 0.151750 0.494306
vn 0.864845 0.050930 0.499449
vn 0.853122 -0.171613 0.492678
vn 0.985157 -0.171656 0.000001
vn 0.998701 0.050947 0.000001
vn 0.864845 0.050930 0.499449
vn -0.000229 -0.171587 0.985169
vn 0.492384 -0.171643 0.853286
vn 0.499152 0.050942 0.865016
vn -0.000233 0.050922 0.998703
vn 0.492384 -0.171643 0.853286
vn 0.853122 -0.171613 0.492678
vn 0.864845 0.050930 0.499449
vn 0.499152 0.050942 0.865016
vn 0.855940 0.151750 0.494306
vn 0.494007 0.151793 0.856105
vn 0.499152 0.050942 0.865016
vn 0.864845 0.050930 0.499449
vn -0.912845 -0.408306 -0.000001
vn -0.794771 -0.606910 -0.000001
vn -0.688212 -0.606865 0.397591
vn -0.790440 -0.408266 0.456644
vn -0.000189 -0.606734 0.794905
vn -0.000213 -0.408147 0.912916
vn -0.456174 -0.408204 0.790743
vn -0.397187 -0.606795 0.688507
vn -0.339769 -0.733231 0.589007
vn -0.000171 -0.733160 0.680057
vn -0.000189 -0.606734 0.794905
vn -0.397187 -0.606795 0.688507
vn -0.397187 -0.606795 0.688507
vn -0.456174 -0.408204 0.790743
vn -0.790440 -0.408266 0.456644
vn -0.688212 -0.606865 0.397591
vn -0.588722 -0.733294 0.340128
vn -0.339769 -0.733231 0.589007
vn -0.397187 -0.606795 0.688507
vn -0.688212 -0.606865 0.397591
vn -0.794771 -0.606910 -0.000001
vn -0.679864 -0.733338 -0.000001
vn -0.588722 -0.733294 0.340128
vn -0.688212 -0.606865 0.397591
vn -0.000233 0.151727 0.988423
vn -0.493911 0.151760 0.856166
vn -0.499055 0.050932 0.865072
vn -0.000233 0.050922 0.998703
vn -0.492292 -0.171615 0.853345
vn -0.000229 -0.171587 0.985169
vn -0.000233 0.050922 0.998703
vn -0.499055 0.050932 0.865072
vn -0.985156 -0.171664 -0.000001
vn -0.853041 -0.171645 0.492807
vn -0.864767 0.050942 0.499582
vn -0.998701 0.050948 -0.000001
vn -0.853041 -0.171645 0.492807
vn -0.492292 -0.171615 0.853345
vn -0.499055 0.050932 0.865072
vn -0.864767 0.050942 0.499582
vn -0.493911 0.151760 0.856166
vn -0.855856 0.151787 0.494439
vn -0.864767 0.050942 0.499582
vn -0.499055 0.050932 0.865072
vn 0.679870 -0.733333 0.000001
vn 0.675364 -0.737484 0.000001
vn 0.585020 -0.737298 -0.337851
vn 0.588857 -0.733214 -0.340066
vn -0.339768 -0.733231 -0.589008
vn -0.000170 -0.733160 -0.680057
vn -0.000171 -0.737245 -0.675626
vn -0.337532 -0.737348 -0.585141
vn -0.494755 0.139487 -0.857765
vn -0.485939 -0.232643 -0.842461
vn -0.000259 -0.232569 -0.972580
vn -0.000268 0.139439 -0.990231
vn -0.990218 0.139532 -0.000001
vn -0.972550 -0.232694 -0.000001
vn -0.842105 -0.232663 -0.486546
vn -0.857395 0.139509 -0.495389
vn -0.730415 0.537035 -0.422005
vn -0.843520 0.537098 -0.000001
vn -0.990218 0.139532 -0.000001
vn -0.857395 0.139509 -0.495389
vn -0.857395 0.139509 -0.495389
vn -0.842105 -0.232663 -0.486546
vn -0.485939 -0.232643 -0.842461
vn -0.494755 0.139487 -0.857765
vn -0.421511 0.536978 -0.730742
vn -0.730415 0.537035 -0.422005
vn -0.857395 0.139509 -0.495389
vn -0.494755 0.139487 -0.857765
vn -0.000218 0.536842 -0.843683
vn -0.421511 0.536978 -0.730742
vn -0.494755 0.139487 -0.857765
vn -0.000268 0.139439 -0.990231
vn -0.675388 -0.737463 -0.000000
vn -0.679864 -0.733338 -0.000001
vn -0.588721 -0.733293 -0.340129
vn -0.584853 -0.737408 -0.337899
vn -0.972550 -0.232694 -0.000001
vn -0.675388 -0.737463 -0.000000
vn -0.584853 -0.737408 -0.337899
vn -0.842105 -0.232663 -0.486546
vn -0.588721 -0.733293 -0.340129
vn -0.339768 -0.733231 -0.589008
vn -0.337532 -0.737348 -0.585141
vn -0.584853 -0.737408 -0.337899
vn -0.337532 -0.737348 -0.585141
vn -0.485939 -0.232643 -0.842461
vn -0.842105 -0.232663 -0.486546
vn -0.584853 -0.737408 -0.337899
vn -0.000171 -0.737245 -0.675626
vn -0.000259 -0.232569 -0.972580
vn -0.485939 -0.232643 -0.842461
vn -0.337532 -0.737348 -0.585141
vn 0.972542 -0.232728 0.000001
vn 0.990215 0.139547 0.000001
vn 0.857501 0.139459 -0.495221
vn 0.842216 -0.232588 -0.486391
vn -0.000268 0.139439 -0.990231
vn -0.000259 -0.232569 -0.972580
vn 0.486059 -0.232713 -0.842372
vn 0.494888 0.139534 -0.857680
vn 0.421575 0.537108 -0.730609
vn -0.000218 0.536842 -0.843683
vn -0.000268 0.139439 -0.990231
vn 0.494888 0.139534 -0.857680
vn 0.494888 0.139534 -0.857680
vn 0.486059 -0.232713 -0.842372
vn 0.842216 -0.232588 -0.486391
vn 0.857501 0.139459 -0.495221
vn 0.730572 0.536893 -0.421912
vn 0.421575 0.537108 -0.730609
vn 0.494888 0.139534 -0.857680
vn 0.857501 0.139459 -0.495221
vn 0.990215 0.139547 0.000001
vn 0.843490 0.537146 0.000001
vn 0.730572 0.536893 -0.421912
vn 0.857501 0.139459 -0.495221
vn -0.000171 -0.737245 -0.675626
vn -0.000170 -0.733160 -0.680057
vn 0.339809 -0.733302 -0.588896
vn 0.337558 -0.737448 -0.585000
vn 0.486059 -0.232713 -0.842372
vn -0.000259 -0.232569 -0.972580
vn -0.000171 -0.737245 -0.675626
vn 0.337558 -0.737448 -0.585000
vn 0.337558 -0.737448 -0.585000
vn 0.339809 -0.733302 -0.588896
vn 0.588857 -0.733214 -0.340066
vn 0.585020 -0.737298 -0.337851
vn 0.842216 -0.232588 -0.486391
vn 0.486059 -0.232713 -0.842372
vn 0.337558 -0.737448 -0.585000
vn 0.585020 -0.737298 -0.337851
vn 0.675364 -0.737484 0.000001
vn 0.972542 -0.232728 0.000001
vn 0.842216 -0.232588 -0.486391
vn 0.585020 -0.737298 -0.337851
vn -0.493910 0.151760 -0.856167
vn -0.000232 0.151727 -0.988423
vn -0.000231 0.050922 -0.998703
vn -0.499054 0.050932 -0.865073
vn -0.000212 -0.408147 -0.912916
vn -0.000188 -0.606734 -0.794905
vn -0.397186 -0.606795 -0.688507
vn -0.456173 -0.408204 -0.790744
vn -0.794771 -0.606910 -0.000001
vn -0.912845 -0.408306 -0.000001
vn -0.790439 -0.408266 -0.456645
vn -0.688211 -0.606865 -0.397593
vn -0.588721 -0.733293 -0.340129
vn -0.679864 -0.733338 -0.000001
vn -0.794771 -0.606910 -0.000001
vn -0.688211 -0.606865 -0.397593
vn -0.688211 -0.606865 -0.397593
vn -0.790439 -0.408266 -0.456645
vn -0.456173 -0.408204 -0.790744
vn -0.397186 -0.606795 -0.688507
vn -0.339768 -0.733231 -0.589008
vn -0.588721 -0.733293 -0.340129
vn -0.688211 -0.606865 -0.397593
vn -0.397186 -0.606795 -0.688507
vn -0.000188 -0.606734 -0.794905
vn -0.000170 -0.733160 -0.680057
vn -0.339768 -0.733231 -0.589008
vn -0.397186 -0.606795 -0.688507
vn -0.988410 0.151808 -0.000001
vn -0.855856 0.151787 -0.494441
vn -0.864766 0.050942 -0.499584
vn -0.998701 0.050948 -0.000001
vn -0.853040 -0.171645 -0.492808
vn -0.985156 -0.171664 -0.000001
vn -0.998701 0.050948 -0.000001
vn -0.864766 0.050942 -0.499584
vn -0.000227 -0.171587 -0.985169
vn -0.492290 -0.171615 -0.853346
vn -0.499054 0.050932 -0.865073
vn -0.000231 0.050922 -0.998703
vn -0.492290 -0.171615 -0.853346
vn -0.853040 -0.171645 -0.492808
vn -0.864766 0.050942 -0.499584
vn -0.499054 0.050932 -0.865073
vn -0.855856 0.151787 -0.494441
vn -0.493910 0.151760 -0.856167
vn -0.499054 0.050932 -0.865073
vn -0.864766 0.050942 -0.499584
vn 0.912853 -0.408289 0.000001
vn 0.794787 -0.606888 0.000001
vn 0.688324 -0.606794 -0.397506
vn 0.790537 -0.408200 -0.456534
vn -0.000188 -0.606734 -0.794905
vn -0.000212 -0.408147 -0.912916
vn 0.456252 -0.408261 -0.790669
vn 0.397246 -0.606858 -0.688418
vn 0.339809 -0.733302 -0.588896
vn -0.000170 -0.733160 -0.680057
vn -0.000188 -0.606734 -0.794905
vn 0.397246 -0.606858 -0.688418
vn 0.397246 -0.606858 -0.688418
vn 0.456252 -0.408261 -0.790669
vn 0.790537 -0.408200 -0.456534
vn 0.688324 -0.606794 -0.397506
vn 0.588857 -0.733214 -0.340066
vn 0.339809 -0.733302 -0.588896
vn 0.397246 -0.606858 -0.688418
vn 0.688324 -0.606794 -0.397506
vn 0.794787 -0.606888 0.000001
vn 0.679870 -0.733333 0.000001
vn 0.588857 -0.733214 -0.340066
vn 0.688324 -0.606794 -0.397506
vn -0.000232 0.151727 -0.988423
vn 0.494009 0.151793 -0.856104
vn 0.499153 0.050942 -0.865015
vn -0.000231 0.050922 -0.998703
vn 0.492385 -0.171643 -0.853285
vn -0.000227 -0.171587 -0.985169
vn -0.000231 0.050922 -0.998703
vn 0.499153 0.050942 -0.865015
vn 0.998701 0.050947 0.000001
vn 0.985157 -0.171656 0.000001
vn 0.853123 -0.171613 -0.492677
vn 0.864846 0.050930 -0.499447
vn 0.853123 -0.171613 -0.492677
vn 0.492385 -0.171643 -0.853285
vn 0.499153 0.050942 -0.865015
vn 0.864846 0.050930 -0.499447
vn 0.494009 0.151793 -0.856104
vn 0.855941 0.151751 -0.494305
vn 0.864846 0.050930 -0.499447
vn 0.499153 0.050942 -0.865015
vn -0.835131 0.264139 0.482479
vn -0.964476 0.264171 -0.000001
vn -0.971155 0.238449 -0.000001
vn -0.840919 0.238418 0.485811
vn 0.482043 0.264143 0.835382
vn -0.000236 0.264045 0.964510
vn -0.000230 0.238325 0.971185
vn 0.485384 0.238427 0.841163
vn 0.490005 0.196999 0.849168
vn -0.000231 0.196917 0.980420
vn -0.000233 0.151727 0.988423
vn 0.494007 0.151793 0.856105
vn 0.980400 0.197017 0.000001
vn 0.849008 0.196947 0.490303
vn 0.855940 0.151750 0.494306
vn 0.988410 0.151807 0.000001
vn 0.855940 0.151750 0.494306
vn 0.849008 0.196947 0.490303
vn 0.490005 0.196999 0.849168
vn 0.494007 0.151793 0.856105
vn 0.971155 0.238448 0.000001
vn 0.964478 0.264165 0.000001
vn 0.835226 0.264084 0.482345
vn 0.841009 0.238361 0.485684
vn 0.980400 0.197017 0.000001
vn 0.971155 0.238448 0.000001
vn 0.841009 0.238361 0.485684
vn 0.849008 0.196947 0.490303
vn 0.835226 0.264084 0.482345
vn 0.482043 0.264143 0.835382
vn 0.485384 0.238427 0.841163
vn 0.841009 0.238361 0.485684
vn 0.485384 0.238427 0.841163
vn 0.490005 0.196999 0.849168
vn 0.849008 0.196947 0.490303
vn 0.841009 0.238361 0.485684
vn -0.000230 0.238325 0.971185
vn -0.000231 0.196917 0.980420
vn 0.490005 0.196999 0.849168
vn 0.485384 0.238427 0.841163
vn -0.848922 0.196993 0.490433
vn -0.980400 0.197019 -0.000001
vn -0.988410 0.151808 -0.000001
vn -0.855856 0.151787 0.494439
vn -0.000233 0.151727 0.988423
vn -0.000231 0.196917 0.980420
vn -0.489911 0.196958 0.849232
vn -0.493911 0.151760 0.856166
vn -0.493911 0.151760 0.856166
vn -0.489911 0.196958 0.849232
vn -0.848922 0.196993 0.490433
vn -0.855856 0.151787 0.494439
vn -0.000236 0.264045 0.964510
vn -0.481946 0.264094 0.835454
vn -0.485293 0.238376 0.841230
vn -0.000230 0.238325 0.971185
vn -0.485293 0.238376 0.841230
vn -0.489911 0.196958 0.849232
vn -0.000231 0.196917 0.980420
vn -0.000230 0.238325 0.971185
vn -0.481946 0.264094 0.835454
vn -0.835131 0.264139 0.482479
vn -0.840919 0.238418 0.485811
vn -0.485293 0.238376 0.841230
vn -0.840919 0.238418 0.485811
vn -0.848922 0.196993 0.490433
vn -0.489911 0.196958 0.849232
vn -0.485293 0.238376 0.841230
vn -0.971155 0.238449 -0.000001
vn -0.980400 0.197019 -0.000001
vn -0.848922 0.196993 0.490433
vn -0.840919 0.238418 0.485811
vn 0.083681 0.996493 -0.000001
vn -0.622605 0.782536 -0.000005
vn -0.539285 0.782415 -0.311446
vn 0.072003 0.996537 0.041588
vn -0.311183 0.782501 -0.539311
vn 0.041785 0.996496 0.072449
vn 0.072003 0.996537 0.041588
vn -0.539285 0.782415 -0.311446
vn 0.000163 0.782364 -0.622822
vn -0.000042 0.996537 0.083146
vn 0.041785 0.996496 0.072449
vn -0.311183 0.782501 -0.539311
vn -0.041639 0.996516 0.072259
vn -0.000042 0.996537 0.083146
vn 0.000163 0.782364 -0.622822
vn 0.311154 0.782438 -0.539420
vn -0.072193 0.996517 0.041742
vn -0.041639 0.996516 0.072259
vn 0.311154 0.782438 -0.539420
vn 0.539143 0.782492 -0.311498
vn 0.622607 0.782535 0.000000
vn -0.083471 0.996510 0.000000
vn -0.072193 0.996517 0.041742
vn 0.539143 0.782492 -0.311498
vn 0.964478 0.264165 0.000001
vn 0.971155 0.238448 0.000001
vn 0.841009 0.238361 -0.485682
vn 0.835227 0.264084 -0.482343
vn -0.481944 0.264094 -0.835454
vn -0.000234 0.264045 -0.964510
vn -0.000229 0.238325 -0.971185
vn -0.485291 0.238376 -0.841231
vn -0.489909 0.196958 -0.849233
vn -0.000230 0.196917 -0.980420
vn -0.000232 0.151727 -0.988423
vn -0.493910 0.151760 -0.856167
vn -0.988410 0.151808 -0.000001
vn -0.980400 0.197019 -0.000001
vn -0.848921 0.196993 -0.490435
vn -0.855856 0.151787 -0.494441
vn -0.855856 0.151787 -0.494441
vn -0.848921 0.196993 -0.490435
vn -0.489909 0.196958 -0.849233
vn -0.493910 0.151760 -0.856167
vn -0.971155 0.238449 -0.000001
vn -0.964476 0.264171 -0.000001
vn -0.835131 0.264139 -0.482480
vn -0.840918 0.238418 -0.485813
vn -0.980400 0.197019 -0.000001
vn -0.971155 0.238449 -0.000001
vn -0.840918 0.238418 -0.485813
vn -0.848921 0.196993 -0.490435
vn -0.835131 0.264139 -0.482480
vn -0.481944 0.264094 -0.835454
vn -0.485291 0.238376 -0.841231
vn -0.840918 0.238418 -0.485813
vn -0.485291 0.238376 -0.841231
vn -0.489909 0.196958 -0.849233
vn -0.848921 0.196993 -0.490435
vn -0.840918 0.238418 -0.485813
vn -0.000229 0.238325 -0.971185
vn -0.000230 0.196917 -0.980420
vn -0.489909 0.196958 -0.849233
vn -0.485291 0.238376 -0.841231
vn 0.849009 0.196947 -0.490302
vn 0.980400 0.197017 0.000001
vn 0.988410 0.151807 0.000001
vn 0.855941 0.151751 -0.494305
vn -0.000232 0.151727 -0.988423
vn -0.000230 0.196917 -0.980420
vn 0.490006 0.196999 -0.849167
vn 0.494009 0.151793 -0.856104
vn 0.494009 0.151793 -0.856104
vn 0.490006 0.196999 -0.849167
vn 0.849009 0.196947 -0.490302
vn 0.855941 0.151751 -0.494305
vn -0.000229 0.238325 -0.971185
vn -0.000234 0.264045 -0.964510
vn 0.482044 0.264143 -0.835381
vn 0.485386 0.238427 -0.841162
vn 0.490006 0.196999 -0.849167
vn -0.000230 0.196917 -0.980420
vn -0.000229 0.238325 -0.971185
vn 0.485386 0.238427 -0.841162
vn 0.485386 0.238427 -0.841162
vn 0.482044 0.264143 -0.835381
vn 0.835227 0.264084 -0.482343
vn 0.841009 0.238361 -0.485682
vn 0.849009 0.196947 -0.490302
vn 0.490006 0.196999 -0.849167
vn 0.485386 0.238427 -0.841162
vn 0.841009 0.238361 -0.485682
vn 0.971155 0.238448 0.000001
vn 0.980400 0.197017 0.000001
vn 0.849009 0.196947 -0.490302
vn 0.841009 0.238361 -0.485682
vn -0.072194 0.996517 -0.041737
vn -0.083471 0.996510 0.000000
vn 0.622607 0.782535 0.000000
vn 0.539143 0.782491 0.311502
vn -0.041640 0.996516 -0.072262
vn -0.072194 0.996517 -0.041737
vn 0.539143 0.782491 0.311502
vn 0.311152 0.782436 0.539425
vn 0.000162 0.782363 0.622822
vn -0.000042 0.996537 -0.083147
vn -0.041640 0.996516 -0.072262
vn 0.311152 0.782436 0.539425
vn 0.041786 0.996497 -0.072440
vn -0.000042 0.996537 -0.083147
vn 0.000162 0.782363 0.622822
vn -0.311185 0.782503 0.539307
vn 0.072003 0.996537 -0.041586
vn 0.041786 0.996497 -0.072440
vn -0.311185 0.782503 0.539307
vn -0.539289 0.782416 0.311436
vn -0.622605 0.782536 -0.000005
vn 0.083681 0.996493 -0.000001
vn 0.072003 0.996537 -0.041586
vn -0.539289 0.782416 0.311436
vn -0.039706 -0.996841 -0.068794
vn 0.000009 -0.996829 -0.079574
vn -0.000001 -1.000000 -0.000000
vn -0.079410 -0.996842 -0.000000
vn -0.068894 -0.996830 -0.039784
vn -0.000001 -1.000000 -0.000000
vn -0.068894 -0.996830 -0.039784
vn -0.039706 -0.996841 -0.068794
vn -0.000001 -1.000000 -0.000000
vn 0.068833 -0.996836 -0.039754
vn 0.079460 -0.996838 0.000000
vn -0.000001 -1.000000 -0.000000
vn 0.000009 -0.996829 -0.079574
vn 0.039739 -0.996835 -0.068858
vn -0.000001 -1.000000 -0.000000
vn 0.039739 -0.996835 -0.068858
vn 0.068833 -0.996836 -0.039754
vn -0.000001 -1.000000 -0.000000
vn 0.039738 -0.996835 0.068858
vn 0.000009 -0.996829 0.079574
vn -0.000001 -1.000000 -0.000000
vn 0.079460 -0.996838 0.000000
vn 0.068833 -0.996836 0.039754
vn -0.000001 -1.000000 -0.000000
vn 0.068833 -0.996836 0.039754
vn 0.039738 -0.996835 0.068858
vn -0.000001 -1.000000 -0.000000
vn -0.068894 -0.996830 0.039784
vn -0.079410 -0.996842 -0.000000
vn -0.000001 -1.000000 -0.000000
vn 0.000009 -0.996829 0.079574
vn -0.039706 -0.996841 0.068794
vn -0.000001 -1.000000 -0.000000
vn -0.039706 -0.996841 0.068794
vn -0.068894 -0.996830 0.039784
vn -0.000001 -1.000000 -0.000000
vn 0.964478 0.264165 0.000001
vn 0.083681 0.996493 -0.000001
vn 0.072003 0.996537 0.041588
vn 0.835226 0.264084 0.482345
vn 0.072003 0.996537 -0.041586
vn 0.083681 0.996493 -0.000001
vn 0.964478 0.264165 0.000001
vn 0.835227 0.264084 -0.482343
vn 0.835227 0.264084 -0.482343
vn 0.482044 0.264143 -0.835381
vn 0.041786 0.996497 -0.072440
vn 0.072003 0.996537 -0.041586
vn 0.482044 0.264143 -0.835381
vn -0.000234 0.264045 -0.964510
vn -0.000042 0.996537 -0.083147
vn 0.041786 0.996497 -0.072440
vn -0.041640 0.996516 -0.072262
vn -0.000042 0.996537 -0.083147
vn -0.000234 0.264045 -0.964510
vn -0.481944 0.264094 -0.835454
vn -0.481944 0.264094 -0.835454
vn -0.835131 0.264139 -0.482480
vn -0.072194 0.996517 -0.041737
vn -0.041640 0.996516 -0.072262
vn -0.835131 0.264139 -0.482480
vn -0.964476 0.264171 -0.000001
vn -0.083471 0.996510 0.000000
vn -0.072194 0.996517 -0.041737
vn -0.072193 0.996517 0.041742
vn -0.083471 0.996510 0.000000
vn -0.964476 0.264171 -0.000001
vn -0.835131 0.264139 0.482479
vn -0.835131 0.264139 0.482479
vn -0.481946 0.264094 0.835454
vn -0.041639 0.996516 0.072259
vn -0.072193 0.996517 0.041742
vn -0.481946 0.264094 0.835454
vn -0.000236 0.264045 0.964510
vn -0.000042 0.996537 0.083146
vn -0.041639 0.996516 0.072259
vn 0.041785 0.996496 0.072449
vn -0.000042 0.996537 0.083146
vn -0.000236 0.264045 0.964510
vn 0.482043 0.264143 0.835382
vn 0.072003 0.996537 0.041588
vn 0.041785 0.996496 0.072449
vn 0.482043 0.264143 0.835382
vn 0.835226 0.264084 0.482345
vn -0.456174 -0.408204 0.790743
vn -0.000213 -0.408147 0.912916
vn -0.000229 -0.171587 0.985169
vn -0.492292 -0.171615 0.853345
vn -0.000213 -0.408147 0.912916
vn 0.456250 -0.408261 0.790670
vn 0.492384 -0.171643 0.853286
vn -0.000229 -0.171587 0.985169
vn 0.456250 -0.408261 0.790670
vn 0.790537 -0.408200 0.456535
vn 0.853122 -0.171613 0.492678
vn 0.492384 -0.171643 0.853286
vn 0.790537 -0.408200 0.456535
vn 0.912853 -0.408289 0.000001
vn 0.985157 -0.171656 0.000001
vn 0.853122 -0.171613 0.492678
vn 0.853123 -0.171613 -0.492677
vn 0.985157 -0.171656 0.000001
vn 0.912853 -0.408289 0.000001
vn 0.790537 -0.408200 -0.456534
vn 0.790537 -0.408200 -0.456534
vn 0.456252 -0.408261 -0.790669
vn 0.492385 -0.171643 -0.853285
vn 0.853123 -0.171613 -0.492677
vn 0.456252 -0.408261 -0.790669
vn -0.000212 -0.408147 -0.912916
vn -0.000227 -0.171587 -0.985169
vn 0.492385 -0.171643 -0.853285
vn -0.000212 -0.408147 -0.912916
vn -0.456173 -0.408204 -0.790744
vn -0.492290 -0.171615 -0.853346
vn -0.000227 -0.171587 -0.985169
vn -0.456173 -0.408204 -0.790744
vn -0.790439 -0.408266 -0.456645
vn -0.853040 -0.171645 -0.492808
vn -0.492290 -0.171615 -0.853346
vn -0.790439 -0.408266 -0.456645
vn -0.912845 -0.408306 -0.000001
vn -0.985156 -0.171664 -0.000001
vn -0.853040 -0.171645 -0.492808
vn -0.912845 -0.408306 -0.000001
vn -0.790440 -0.408266 0.456644
vn -0.853041 -0.171645 0.492807
vn -0.985156 -0.171664 -0.000001
vn -0.790440 -0.408266 0.456644
vn -0.456174 -0.408204 0.790743
vn -0.492292 -0.171615 0.853345
vn -0.853041 -0.171645 0.492807
vn 0.303313 0.952891 0.000000
vn 0.262720 0.952868 0.151723
vn 0.418623 0.875391 0.241755
vn 0.483404 0.875397 0.000000
vn 0.262720 0.952868 -0.151723
vn 0.303313 0.952891 0.000000
vn 0.483404 0.875397 0.000000
vn 0.418624 0.875391 -0.241754
vn 0.241622 0.875388 -0.418707
vn 0.151601 0.952885 -0.262731
vn 0.262720 0.952868 -0.151723
vn 0.418624 0.875391 -0.241754
vn -0.000103 0.875364 -0.483465
vn -0.000078 0.952856 -0.303424
vn 0.151601 0.952885 -0.262731
vn 0.241622 0.875388 -0.418707
vn -0.151586 0.952870 -0.262793
vn -0.000078 0.952856 -0.303424
vn -0.000103 0.875364 -0.483465
vn -0.241593 0.875375 -0.418750
vn -0.418566 0.875407 -0.241795
vn -0.262647 0.952885 -0.151747
vn -0.151586 0.952870 -0.262793
vn -0.241593 0.875375 -0.418750
vn -0.483360 0.875422 -0.000000
vn -0.303302 0.952895 -0.000000
vn -0.262647 0.952885 -0.151747
vn -0.418566 0.875407 -0.241795
vn -0.262647 0.952885 0.151746
vn -0.303302 0.952895 -0.000000
vn -0.483360 0.875422 -0.000000
vn -0.418566 0.875407 0.241794
vn -0.241593 0.875375 0.418750
vn -0.151587 0.952870 0.262793
vn -0.262647 0.952885 0.151746
vn -0.418566 0.875407 0.241794
vn -0.000104 0.875364 0.483465
vn -0.000079 0.952856 0.303424
vn -0.151587 0.952870 0.262793
vn -0.241593 0.875375 0.418750
vn 0.151601 0.952885 0.262732
vn -0.000079 0.952856 0.303424
vn -0.000104 0.875364 0.483465
vn 0.241621 0.875388 0.418708
vn 0.418623 0.875391 0.241755
vn 0.262720 0.952868 0.151723
vn 0.151601 0.952885 0.262732
vn 0.241621 0.875388 0.418708
vn 0.865732 -0.023439 -0.499959
vn 0.999724 -0.023477 0.000001
vn 0.999997 0.002414 0.000001
vn 0.865967 0.002404 -0.500095
vn -0.995901 -0.090446 -0.000001
vn -0.862339 -0.090434 0.498189
vn -0.861234 -0.103571 0.497543
vn -0.994620 -0.103587 -0.000001
vn -0.000238 -0.090401 0.995905
vn 0.497749 -0.090437 0.862593
vn 0.497112 -0.103579 0.861482
vn -0.000233 -0.103524 0.994627
vn 0.862422 -0.090414 0.498050
vn 0.995901 -0.090445 0.000001
vn 0.994620 -0.103590 0.000001
vn 0.861315 -0.103541 0.497410
vn 0.497112 -0.103579 0.861482
vn 0.497749 -0.090437 0.862593
vn 0.862422 -0.090414 0.498050
vn 0.861315 -0.103541 0.497410
vn -0.497647 -0.090419 0.862654
vn -0.000238 -0.090401 0.995905
vn -0.000233 -0.103524 0.994627
vn -0.497015 -0.103552 0.861541
vn -0.861234 -0.103571 0.497543
vn -0.862339 -0.090434 0.498189
vn -0.497647 -0.090419 0.862654
vn -0.497015 -0.103552 0.861541
vn 0.994620 -0.103590 0.000001
vn 0.995901 -0.090445 0.000001
vn 0.862423 -0.090414 -0.498048
vn 0.861315 -0.103541 -0.497408
vn -0.000236 -0.090401 -0.995905
vn -0.497646 -0.090419 -0.862655
vn -0.497014 -0.103552 -0.861542
vn -0.000231 -0.103524 -0.994627
vn -0.862338 -0.090434 -0.498191
vn -0.995901 -0.090446 -0.000001
vn -0.994620 -0.103587 -0.000001
vn -0.861233 -0.103571 -0.497545
vn -0.497014 -0.103552 -0.861542
vn -0.497646 -0.090419 -0.862655
vn -0.862338 -0.090434 -0.498191
vn -0.861233 -0.103571 -0.497545
vn 0.497750 -0.090437 -0.862593
vn -0.000236 -0.090401 -0.995905
vn -0.000231 -0.103524 -0.994627
vn 0.497113 -0.103579 -0.861481
vn 0.861315 -0.103541 -0.497408
vn 0.862423 -0.090414 -0.498048
vn 0.497750 -0.090437 -0.862593
vn 0.497113 -0.103579 -0.861481
vn -0.865653 -0.023458 0.500095
vn -0.999725 -0.023466 -0.000001
vn -0.999997 0.002411 -0.000001
vn -0.865884 0.002409 0.500238
vn -0.854661 0.160526 0.493746
vn -0.987028 0.160546 -0.000001
vn -0.999777 -0.021116 -0.000001
vn -0.865699 -0.021114 0.500120
vn 0.493318 0.160527 0.854908
vn -0.000231 0.160468 0.987041
vn -0.000233 -0.021107 0.999777
vn 0.499689 -0.021115 0.865947
vn 0.865776 -0.021110 0.499986
vn 0.999777 -0.021116 0.000001
vn 0.987029 0.160541 0.000001
vn 0.854743 0.160493 0.493615
vn 0.994620 -0.103590 0.000001
vn 0.967184 -0.254077 0.000001
vn 0.837564 -0.254023 0.483693
vn 0.861315 -0.103541 0.497410
vn 0.854743 0.160493 0.493615
vn 0.493318 0.160527 0.854908
vn 0.499689 -0.021115 0.865947
vn 0.865776 -0.021110 0.499986
vn 0.837564 -0.254023 0.483693
vn 0.483402 -0.254058 0.837721
vn 0.497112 -0.103579 0.861482
vn 0.861315 -0.103541 0.497410
vn 0.483402 -0.254058 0.837721
vn -0.000225 -0.253986 0.967208
vn -0.000233 -0.103524 0.994627
vn 0.497112 -0.103579 0.861482
vn -0.000231 0.160468 0.987041
vn -0.493224 0.160498 0.854968
vn -0.499592 -0.021111 0.866003
vn -0.000233 -0.021107 0.999777
vn -0.000225 -0.253986 0.967208
vn -0.483313 -0.254022 0.837783
vn -0.497015 -0.103552 0.861541
vn -0.000233 -0.103524 0.994627
vn -0.493224 0.160498 0.854968
vn -0.854661 0.160526 0.493746
vn -0.865699 -0.021114 0.500120
vn -0.499592 -0.021111 0.866003
vn -0.483313 -0.254022 0.837783
vn -0.837479 -0.254065 0.483817
vn -0.861234 -0.103571 0.497543
vn -0.497015 -0.103552 0.861541
vn -0.837479 -0.254065 0.483817
vn -0.967180 -0.254092 -0.000001
vn -0.994620 -0.103587 -0.000001
vn -0.861234 -0.103571 0.497543
vn 0.499663 -0.023472 0.865902
vn -0.000234 -0.023435 0.999725
vn -0.000240 0.002403 0.999997
vn 0.499795 0.002412 0.866140
vn 0.987029 0.160541 0.000001
vn 0.999997 0.002414 0.000001
vn 0.865966 0.002404 0.500097
vn 0.854743 0.160493 0.493615
vn 0.499795 0.002412 0.866140
vn 0.493318 0.160527 0.854908
vn 0.854743 0.160493 0.493615
vn 0.865966 0.002404 0.500097
vn -0.000240 0.002403 0.999997
vn -0.000231 0.160468 0.987041
vn 0.493318 0.160527 0.854908
vn 0.499795 0.002412 0.866140
vn 0.999997 0.002414 0.000001
vn 0.999724 -0.023477 0.000001
vn 0.865731 -0.023439 0.499960
vn 0.865966 0.002404 0.500097
vn 0.865966 0.002404 0.500097
vn 0.865731 -0.023439 0.499960
vn 0.499663 -0.023472 0.865902
vn 0.499795 0.002412 0.866140
vn -0.493224 0.160498 0.854968
vn -0.000231 0.160468 0.987041
vn -0.000240 0.002403 0.999997
vn -0.499692 0.002408 0.866200
vn -0.854661 0.160526 0.493746
vn -0.493224 0.160498 0.854968
vn -0.499692 0.002408 0.866200
vn -0.865884 0.002409 0.500238
vn -0.999997 0.002411 -0.000001
vn -0.987028 0.160546 -0.000001
vn -0.854661 0.160526 0.493746
vn -0.865884 0.002409 0.500238
vn -0.000240 0.002403 0.999997
vn -0.000234 -0.023435 0.999725
vn -0.499565 -0.023454 0.865959
vn -0.499692 0.002408 0.866200
vn -0.499692 0.002408 0.866200
vn -0.499565 -0.023454 0.865959
vn -0.865653 -0.023458 0.500095
vn -0.865884 0.002409 0.500238
vn 0.987029 0.160541 0.000001
vn 0.999777 -0.021116 0.000001
vn 0.865777 -0.021110 -0.499985
vn 0.854744 0.160493 -0.493614
vn -0.493222 0.160498 -0.854969
vn -0.000230 0.160468 -0.987041
vn -0.000231 -0.021107 -0.999777
vn -0.499591 -0.021111 -0.866004
vn -0.865698 -0.021114 -0.500122
vn -0.999777 -0.021116 -0.000001
vn -0.987028 0.160546 -0.000001
vn -0.854661 0.160527 -0.493748
vn -0.994620 -0.103587 -0.000001
vn -0.967180 -0.254092 -0.000001
vn -0.837479 -0.254065 -0.483819
vn -0.861233 -0.103571 -0.497545
vn -0.854661 0.160527 -0.493748
vn -0.493222 0.160498 -0.854969
vn -0.499591 -0.021111 -0.866004
vn -0.865698 -0.021114 -0.500122
vn -0.837479 -0.254065 -0.483819
vn -0.483312 -0.254022 -0.837784
vn -0.497014 -0.103552 -0.861542
vn -0.861233 -0.103571 -0.497545
vn -0.483312 -0.254022 -0.837784
vn -0.000223 -0.253986 -0.967208
vn -0.000231 -0.103524 -0.994627
vn -0.497014 -0.103552 -0.861542
vn 0.499691 -0.021115 -0.865946
vn -0.000231 -0.021107 -0.999777
vn -0.000230 0.160468 -0.987041
vn 0.493320 0.160528 -0.854907
vn 0.497113 -0.103579 -0.861481
vn -0.000231 -0.103524 -0.994627
vn -0.000223 -0.253986 -0.967208
vn 0.483404 -0.254059 -0.837720
vn 0.865777 -0.021110 -0.499985
vn 0.499691 -0.021115 -0.865946
vn 0.493320 0.160528 -0.854907
vn 0.854744 0.160493 -0.493614
vn 0.861315 -0.103541 -0.497408
vn 0.497113 -0.103579 -0.861481
vn 0.483404 -0.254059 -0.837720
vn 0.837565 -0.254023 -0.483692
vn 0.837565 -0.254023 -0.483692
vn 0.967184 -0.254077 0.000001
vn 0.994620 -0.103590 0.000001
vn 0.861315 -0.103541 -0.497408
vn -0.499564 -0.023454 -0.865959
vn -0.000232 -0.023435 -0.999725
vn -0.000238 0.002404 -0.999997
vn -0.499690 0.002408 -0.866201
vn -0.854661 0.160527 -0.493748
vn -0.987028 0.160546 -0.000001
vn -0.999997 0.002411 -0.000001
vn -0.865884 0.002409 -0.500240
vn -0.493222 0.160498 -0.854969
vn -0.854661 0.160527 -0.493748
vn -0.865884 0.002409 -0.500240
vn -0.499690 0.002408 -0.866201
vn -0.000238 0.002404 -0.999997
vn -0.000230 0.160468 -0.987041
vn -0.493222 0.160498 -0.854969
vn -0.499690 0.002408 -0.866201
vn -0.999997 0.002411 -0.000001
vn -0.999725 -0.023466 -0.000001
vn -0.865652 -0.023459 -0.500096
vn -0.865884 0.002409 -0.500240
vn -0.865884 0.002409 -0.500240
vn -0.865652 -0.023459 -0.500096
vn -0.499564 -0.023454 -0.865959
vn -0.499690 0.002408 -0.866201
vn 0.493320 0.160528 -0.854907
vn -0.000230 0.160468 -0.987041
vn -0.000238 0.002404 -0.999997
vn 0.499796 0.002413 -0.866140
vn 0.854744 0.160493 -0.493614
vn 0.493320 0.160528 -0.854907
vn 0.499796 0.002413 -0.866140
vn 0.865967 0.002404 -0.500095
vn 0.999997 0.002414 0.000001
vn 0.987029 0.160541 0.000001
vn 0.854744 0.160493 -0.493614
vn 0.865967 0.002404 -0.500095
vn -0.000238 0.002404 -0.999997
vn -0.000232 -0.023435 -0.999725
vn 0.499664 -0.023472 -0.865901
vn 0.499796 0.002413 -0.866140
vn 0.499796 0.002413 -0.866140
vn 0.499664 -0.023472 -0.865901
vn 0.865732 -0.023439 -0.499959
vn 0.865967 0.002404 -0.500095
vn -0.000040 0.995044 0.099440
vn 0.049857 0.995010 0.086425
vn -0.497612 0.093477 -0.862348
vn 0.000232 0.093429 -0.995626
vn 0.086110 0.995044 0.049729
vn 0.099811 0.995006 -0.000001
vn -0.995621 0.093487 -0.000001
vn -0.862180 0.093444 -0.497910
vn 0.999724 -0.023477 0.000001
vn 0.099811 0.995006 -0.000001
vn 0.086110 0.995044 0.049729
vn 0.865731 -0.023439 0.499960
vn 0.049857 0.995010 0.086425
vn 0.086110 0.995044 0.049729
vn -0.862180 0.093444 -0.497910
vn -0.497612 0.093477 -0.862348
vn 0.049857 0.995010 0.086425
vn 0.499663 -0.023472 0.865902
vn 0.865731 -0.023439 0.499960
vn 0.086110 0.995044 0.049729
vn -0.000040 0.995044 0.099440
vn -0.000234 -0.023435 0.999725
vn 0.499663 -0.023472 0.865902
vn 0.049857 0.995010 0.086425
vn -0.099662 0.995021 0.000001
vn -0.086238 0.995027 0.049843
vn 0.862100 0.093470 -0.498042
vn 0.995621 0.093484 0.000001
vn -0.049752 0.995026 0.086300
vn -0.000040 0.995044 0.099440
vn 0.000232 0.093429 -0.995626
vn 0.497516 0.093453 -0.862406
vn -0.499565 -0.023454 0.865959
vn -0.000234 -0.023435 0.999725
vn -0.000040 0.995044 0.099440
vn -0.049752 0.995026 0.086300
vn -0.086238 0.995027 0.049843
vn -0.049752 0.995026 0.086300
vn 0.497516 0.093453 -0.862406
vn 0.862100 0.093470 -0.498042
vn -0.865653 -0.023458 0.500095
vn -0.499565 -0.023454 0.865959
vn -0.049752 0.995026 0.086300
vn -0.086238 0.995027 0.049843
vn -0.099662 0.995021 0.000001
vn -0.999725 -0.023466 -0.000001
vn -0.865653 -0.023458 0.500095
vn -0.086238 0.995027 0.049843
vn -0.000040 0.995044 -0.099438
vn -0.049752 0.995026 -0.086303
vn 0.497515 0.093453 0.862407
vn 0.000231 0.093429 0.995626
vn -0.086238 0.995027 -0.049847
vn -0.099662 0.995021 0.000001
vn 0.995621 0.093484 0.000001
vn 0.862100 0.093470 0.498044
vn -0.865652 -0.023459 -0.500096
vn -0.999725 -0.023466 -0.000001
vn -0.099662 0.995021 0.000001
vn -0.086238 0.995027 -0.049847
vn -0.049752 0.995026 -0.086303
vn -0.086238 0.995027 -0.049847
vn 0.862100 0.093470 0.498044
vn 0.497515 0.093453 0.862407
vn -0.499564 -0.023454 -0.865959
vn -0.865652 -0.023459 -0.500096
vn -0.086238 0.995027 -0.049847
vn -0.049752 0.995026 -0.086303
vn -0.000232 -0.023435 -0.999725
vn -0.499564 -0.023454 -0.865959
vn -0.049752 0.995026 -0.086303
vn -0.000040 0.995044 -0.099438
vn -0.995621 0.093487 -0.000001
vn 0.099811 0.995006 -0.000001
vn 0.086111 0.995044 -0.049728
vn -0.862181 0.093444 0.497908
vn 0.049858 0.995010 -0.086424
vn -0.000040 0.995044 -0.099438
vn 0.000231 0.093429 0.995626
vn -0.497614 0.093477 0.862347
vn 0.499664 -0.023472 -0.865901
vn -0.000232 -0.023435 -0.999725
vn -0.000040 0.995044 -0.099438
vn 0.049858 0.995010 -0.086424
vn 0.086111 0.995044 -0.049728
vn 0.049858 0.995010 -0.086424
vn -0.497614 0.093477 0.862347
vn -0.862181 0.093444 0.497908
vn 0.865732 -0.023439 -0.499959
vn 0.499664 -0.023472 -0.865901
vn 0.049858 0.995010 -0.086424
vn 0.086111 0.995044 -0.049728
vn 0.099811 0.995006 -0.000001
vn 0.999724 -0.023477 0.000001
vn 0.865732 -0.023439 -0.499959
vn 0.086111 0.995044 -0.049728
vn -0.496716 0.110861 -0.860804
vn 0.000238 0.110837 -0.993839
vn 0.000232 0.093429 -0.995626
vn -0.497612 0.093477 -0.862348
vn -0.993835 0.110869 -0.000001
vn -0.860632 0.110854 -0.497016
vn -0.862180 0.093444 -0.497910
vn -0.995621 0.093487 -0.000001
vn -0.860632 0.110854 -0.497016
vn -0.496716 0.110861 -0.860804
vn -0.497612 0.093477 -0.862348
vn -0.862180 0.093444 -0.497910
vn -0.993835 0.110869 -0.000001
vn -0.121107 0.992639 -0.000000
vn -0.104808 0.992649 -0.060528
vn -0.860632 0.110854 -0.497016
vn -0.060527 0.992639 -0.104898
vn -0.496716 0.110861 -0.860804
vn -0.860632 0.110854 -0.497016
vn -0.104808 0.992649 -0.060528
vn 0.000032 0.992646 -0.121050
vn 0.000238 0.110837 -0.993839
vn -0.496716 0.110861 -0.860804
vn -0.060527 0.992639 -0.104898
vn 0.860549 0.110869 -0.497155
vn 0.993834 0.110880 0.000001
vn 0.995621 0.093484 0.000001
vn 0.862100 0.093470 -0.498042
vn 0.000238 0.110837 -0.993839
vn 0.496615 0.110849 -0.860864
vn 0.497516 0.093453 -0.862406
vn 0.000232 0.093429 -0.995626
vn 0.496615 0.110849 -0.860864
vn 0.860549 0.110869 -0.497155
vn 0.862100 0.093470 -0.498042
vn 0.497516 0.093453 -0.862406
vn 0.060499 0.992642 -0.104886
vn 0.496615 0.110849 -0.860864
vn 0.000238 0.110837 -0.993839
vn 0.000032 0.992646 -0.121050
vn 0.104824 0.992645 -0.060564
vn 0.860549 0.110869 -0.497155
vn 0.496615 0.110849 -0.860864
vn 0.060499 0.992642 -0.104886
vn 0.121065 0.992645 0.000000
vn 0.993834 0.110880 0.000001
vn 0.860549 0.110869 -0.497155
vn 0.104824 0.992645 -0.060564
vn 0.496613 0.110849 0.860865
vn 0.000236 0.110837 0.993839
vn 0.000231 0.093429 0.995626
vn 0.497515 0.093453 0.862407
vn 0.993834 0.110880 0.000001
vn 0.860548 0.110869 0.497157
vn 0.862100 0.093470 0.498044
vn 0.995621 0.093484 0.000001
vn 0.860548 0.110869 0.497157
vn 0.496613 0.110849 0.860865
vn 0.497515 0.093453 0.862407
vn 0.862100 0.093470 0.498044
vn 0.104824 0.992645 0.060564
vn 0.860548 0.110869 0.497157
vn 0.993834 0.110880 0.000001
vn 0.121065 0.992645 0.000000
vn 0.060499 0.992642 0.104886
vn 0.496613 0.110849 0.860865
vn 0.860548 0.110869 0.497157
vn 0.104824 0.992645 0.060564
vn 0.000032 0.992646 0.121050
vn 0.000236 0.110837 0.993839
vn 0.496613 0.110849 0.860865
vn 0.060499 0.992642 0.104886
vn -0.860632 0.110854 0.497014
vn -0.993835 0.110869 -0.000001
vn -0.995621 0.093487 -0.000001
vn -0.862181 0.093444 0.497908
vn 0.000236 0.110837 0.993839
vn -0.496718 0.110861 0.860803
vn -0.497614 0.093477 0.862347
vn 0.000231 0.093429 0.995626
vn -0.497614 0.093477 0.862347
vn -0.496718 0.110861 0.860803
vn -0.860632 0.110854 0.497014
vn -0.862181 0.093444 0.497908
vn -0.060527 0.992639 0.104898
vn -0.496718 0.110861 0.860803
vn 0.000236 0.110837 0.993839
vn 0.000032 0.992646 0.121050
vn -0.104808 0.992649 0.060527
vn -0.860632 0.110854 0.497014
vn -0.496718 0.110861 0.860803
vn -0.060527 0.992639 0.104898
vn -0.121107 0.992639 -0.000000
vn -0.993835 0.110869 -0.000001
vn -0.860632 0.110854 0.497014
vn -0.104808 0.992649 0.060527
vn -0.865699 -0.021114 0.500120
vn -0.837479 -0.254065 0.483817
vn -0.483313 -0.254022 0.837783
vn -0.499592 -0.021111 0.866003
vn -0.837479 -0.254065 0.483817
vn -0.865699 -0.021114 0.500120
vn -0.999777 -0.021116 -0.000001
vn -0.967180 -0.254092 -0.000001
vn -0.967180 -0.254092 -0.000001
vn -0.999777 -0.021116 -0.000001
vn -0.865698 -0.021114 -0.500122
vn -0.837479 -0.254065 -0.483819
vn 0.499689 -0.021115 0.865947
vn 0.483402 -0.254058 0.837721
vn 0.837564 -0.254023 0.483693
vn 0.865776 -0.021110 0.499986
vn 0.483402 -0.254058 0.837721
vn 0.499689 -0.021115 0.865947
vn -0.000233 -0.021107 0.999777
vn -0.000225 -0.253986 0.967208
vn -0.000225 -0.253986 0.967208
vn -0.000233 -0.021107 0.999777
vn -0.499592 -0.021111 0.866003
vn -0.483313 -0.254022 0.837783
vn 0.999777 -0.021116 0.000001
vn 0.967184 -0.254077 0.000001
vn 0.837565 -0.254023 -0.483692
vn 0.865777 -0.021110 -0.499985
vn 0.967184 -0.254077 0.000001
vn 0.999777 -0.021116 0.000001
vn 0.865776 -0.021110 0.499986
vn 0.837564 -0.254023 0.483693
vn 0.865777 -0.021110 -0.499985
vn 0.837565 -0.254023 -0.483692
vn 0.483404 -0.254059 -0.837720
vn 0.499691 -0.021115 -0.865946
vn -0.499591 -0.021111 -0.866004
vn -0.483312 -0.254022 -0.837784
vn -0.837479 -0.254065 -0.483819
vn -0.865698 -0.021114 -0.500122
vn -0.483312 -0.254022 -0.837784
vn -0.499591 -0.021111 -0.866004
vn -0.000231 -0.021107 -0.999777
vn -0.000223 -0.253986 -0.967208
vn -0.000223 -0.253986 -0.967208
vn -0.000231 -0.021107 -0.999777
vn 0.499691 -0.021115 -0.865946
vn 0.483404 -0.254059 -0.837720
vn -0.121107 0.992639 -0.000000
vn -0.104808 0.992649 0.060527
vn 0.000000 1.000000 0.000000
vn 0.121065 0.992645 0.000000
vn 0.104824 0.992645 -0.060564
vn 0.000000 1.000000 0.000000
vn 0.000032 0.992646 -0.121050
vn -0.060527 0.992639 -0.104898
vn 0.000000 1.000000 0.000000
vn -0.104808 0.992649 -0.060528
vn -0.121107 0.992639 -0.000000
vn 0.000000 1.000000 0.000000
vn -0.060527 0.992639 -0.104898
vn -0.104808 0.992649 -0.060528
vn 0.000000 1.000000 0.000000
vn 0.060499 0.992642 -0.104886
vn 0.000032 0.992646 -0.121050
vn 0.000000 1.000000 0.000000
vn 0.104824 0.992645 -0.060564
vn 0.060499 0.992642 -0.104886
vn 0.000000 1.000000 0.000000
vn 0.000032 0.992646 0.121050
vn 0.060499 0.992642 0.104886
vn 0.000000 1.000000 0.000000
vn 0.104824 0.992645 0.060564
vn 0.121065 0.992645 0.000000
vn 0.000000 1.000000 0.000000
vn 0.060499 0.992642 0.104886
vn 0.104824 0.992645 0.060564
vn 0.000000 1.000000 0.000000
vn -0.060527 0.992639 0.104898
vn 0.000032 0.992646 0.121050
vn 0.000000 1.000000 0.000000
vn -0.104808 0.992649 0.060527
vn -0.060527 0.992639 0.104898
vn 0.000000 1.000000 0.000000
vn -0.115735 -0.991027 0.066866
vn -0.133675 -0.991025 -0.000000
vn 0.000000 -1.000000 0.000000
vn 0.066839 -0.991017 0.115836
vn -0.000035 -0.991033 0.133621
vn 0.000000 -1.000000 0.000000
vn 0.133740 -0.991017 0.000000
vn 0.115693 -0.991035 0.066814
vn 0.000000 -1.000000 0.000000
vn 0.115693 -0.991035 0.066814
vn 0.066839 -0.991017 0.115836
vn 0.000000 -1.000000 0.000000
vn -0.000035 -0.991033 0.133621
vn -0.066798 -0.991024 0.115800
vn 0.000000 -1.000000 0.000000
vn -0.066798 -0.991024 0.115800
vn -0.115735 -0.991027 0.066866
vn 0.000000 -1.000000 0.000000
vn 0.115693 -0.991035 -0.066813
vn 0.133740 -0.991017 0.000000
vn 0.000000 -1.000000 0.000000
vn -0.066798 -0.991024 -0.115800
vn -0.000035 -0.991033 -0.133621
vn 0.000000 -1.000000 0.000000
vn -0.133675 -0.991025 -0.000000
vn -0.115735 -0.991027 -0.066866
vn 0.000000 -1.000000 0.000000
vn -0.115735 -0.991027 -0.066866
vn -0.066798 -0.991024 -0.115800
vn 0.000000 -1.000000 0.000000
vn -0.000035 -0.991033 -0.133621
vn 0.066839 -0.991017 -0.115836
vn 0.000000 -1.000000 0.000000
vn 0.066839 -0.991017 -0.115836
vn 0.115693 -0.991035 -0.066813
vn 0.000000 -1.000000 0.000000
vn -0.862339 -0.090434 0.498189
vn -0.115735 -0.991027 0.066866
vn -0.066798 -0.991024 0.115800
vn -0.497647 -0.090419 0.862654
vn -0.115735 -0.991027 0.066866
vn -0.862339 -0.090434 0.498189
vn -0.995901 -0.090446 -0.000001
vn -0.133675 -0.991025 -0.000000
vn -0.133675 -0.991025 -0.000000
vn -0.995901 -0.090446 -0.000001
vn -0.862338 -0.090434 -0.498191
vn -0.115735 -0.991027 -0.066866
vn 0.497749 -0.090437 0.862593
vn 0.066839 -0.991017 0.115836
vn 0.115693 -0.991035 0.066814
vn 0.862422 -0.090414 0.498050
vn 0.066839 -0.991017 0.115836
vn 0.497749 -0.090437 0.862593
vn -0.000238 -0.090401 0.995905
vn -0.000035 -0.991033 0.133621
vn -0.000035 -0.991033 0.133621
vn -0.000238 -0.090401 0.995905
vn -0.497647 -0.090419 0.862654
vn -0.066798 -0.991024 0.115800
vn 0.995901 -0.090445 0.000001
vn 0.133740 -0.991017 0.000000
vn 0.115693 -0.991035 -0.066813
vn 0.862423 -0.090414 -0.498048
vn 0.133740 -0.991017 0.000000
vn 0.995901 -0.090445 0.000001
vn 0.862422 -0.090414 0.498050
vn 0.115693 -0.991035 0.066814
vn 0.862423 -0.090414 -0.498048
vn 0.115693 -0.991035 -0.066813
vn 0.066839 -0.991017 -0.115836
vn 0.497750 -0.090437 -0.862593
vn -0.497646 -0.090419 -0.862655
vn -0.066798 -0.991024 -0.115800
vn -0.115735 -0.991027 -0.066866
vn -0.862338 -0.090434 -0.498191
vn -0.066798 -0.991024 -0.115800
vn -0.497646 -0.090419 -0.862655
vn -0.000236 -0.090401 -0.995905
vn -0.000035 -0.991033 -0.133621
vn -0.000035 -0.991033 -0.133621
vn -0.000236 -0.090401 -0.995905
vn 0.497750 -0.090437 -0.862593
vn 0.066839 -0.991017 -0.115836
vn 0.988036 0.154225 0.000001
vn 0.799334 0.154226 -0.580758
vn 0.772606 0.296623 -0.561333
vn 0.954996 0.296620 0.000001
vn 0.807901 -0.052454 -0.586979
vn 0.998623 -0.052454 0.000001
vn 0.993862 0.110625 0.000001
vn 0.804049 0.110625 -0.584181
vn -0.807915 -0.052454 0.586960
vn -0.998623 -0.052454 -0.000001
vn -0.993862 0.110625 -0.000001
vn -0.804063 0.110625 0.584162
vn -0.802191 0.129733 0.582802
vn -0.787622 0.228514 0.572217
vn -0.973541 0.228514 -0.000001
vn -0.991549 0.129733 -0.000001
vn 0.802173 0.129733 0.582827
vn 0.787607 0.228514 0.572238
vn 0.300753 0.228514 0.925921
vn 0.306319 0.129733 0.943047
vn 0.802173 0.129733 0.582827
vn 0.306319 0.129733 0.943047
vn 0.270505 -0.482985 0.832798
vn 0.708396 -0.482982 0.514687
vn 0.708396 -0.482982 0.514687
vn 0.875634 -0.482975 0.000001
vn 0.991549 0.129733 0.000001
vn 0.802173 0.129733 0.582827
vn 0.973541 0.228514 0.000001
vn 0.787607 0.228514 0.572238
vn 0.802173 0.129733 0.582827
vn 0.991549 0.129733 0.000001
vn 0.306319 0.129733 0.943047
vn 0.300753 0.228514 0.925921
vn -0.300853 0.228514 0.925888
vn -0.306419 0.129733 0.943015
vn -0.306419 0.129733 0.943015
vn -0.270596 -0.482982 0.832770
vn 0.270505 -0.482985 0.832798
vn 0.306319 0.129733 0.943047
vn -0.991549 0.129733 -0.000001
vn -0.875630 -0.482982 -0.000001
vn -0.708410 -0.482983 0.514668
vn -0.802191 0.129733 0.582802
vn -0.708410 -0.482983 0.514668
vn -0.270596 -0.482982 0.832770
vn -0.306419 0.129733 0.943015
vn -0.802191 0.129733 0.582802
vn -0.306419 0.129733 0.943015
vn -0.300853 0.228514 0.925888
vn -0.787622 0.228514 0.572217
vn -0.802191 0.129733 0.582802
vn 0.807900 -0.052454 0.586981
vn 0.308501 -0.052454 0.949777
vn 0.307030 0.110624 0.945248
vn 0.804048 0.110625 0.584183
vn 0.300753 0.228514 0.925921
vn 0.787607 0.228514 0.572238
vn 0.804048 0.110625 0.584183
vn 0.307030 0.110624 0.945248
vn 0.787607 0.228514 0.572238
vn 0.973541 0.228514 0.000001
vn 0.993862 0.110625 0.000001
vn 0.804048 0.110625 0.584183
vn 0.998623 -0.052454 0.000001
vn 0.807900 -0.052454 0.586981
vn 0.804048 0.110625 0.584183
vn 0.993862 0.110625 0.000001
vn -0.973541 0.228514 -0.000001
vn -0.787622 0.228514 0.572217
vn -0.804063 0.110625 0.584162
vn -0.993862 0.110625 -0.000001
vn -0.300853 0.228514 0.925888
vn 0.300753 0.228514 0.925921
vn 0.307030 0.110624 0.945248
vn -0.307133 0.110625 0.945215
vn -0.787622 0.228514 0.572217
vn -0.300853 0.228514 0.925888
vn -0.307133 0.110625 0.945215
vn -0.804063 0.110625 0.584162
vn 0.307030 0.110624 0.945248
vn 0.308501 -0.052454 0.949777
vn -0.308605 -0.052454 0.949743
vn -0.307133 0.110625 0.945215
vn -0.307133 0.110625 0.945215
vn -0.308605 -0.052454 0.949743
vn -0.807915 -0.052454 0.586960
vn -0.804063 0.110625 0.584162
vn 0.802175 0.129733 -0.582825
vn 0.787608 0.228514 -0.572236
vn 0.973541 0.228514 0.000001
vn 0.991549 0.129733 0.000001
vn -0.802190 0.129733 -0.582804
vn -0.787621 0.228514 -0.572219
vn -0.300852 0.228514 -0.925889
vn -0.306417 0.129733 -0.943015
vn -0.802190 0.129733 -0.582804
vn -0.306417 0.129733 -0.943015
vn -0.270595 -0.482982 -0.832771
vn -0.708409 -0.482983 -0.514670
vn -0.708409 -0.482983 -0.514670
vn -0.875630 -0.482982 -0.000001
vn -0.991549 0.129733 -0.000001
vn -0.802190 0.129733 -0.582804
vn -0.991549 0.129733 -0.000001
vn -0.973541 0.228514 -0.000001
vn -0.787621 0.228514 -0.572219
vn -0.802190 0.129733 -0.582804
vn -0.306417 0.129733 -0.943015
vn -0.300852 0.228514 -0.925889
vn 0.300754 0.228514 -0.925920
vn 0.306320 0.129733 -0.943047
vn 0.270506 -0.482985 -0.832797
vn -0.270595 -0.482982 -0.832771
vn -0.306417 0.129733 -0.943015
vn 0.306320 0.129733 -0.943047
vn 0.991549 0.129733 0.000001
vn 0.875634 -0.482975 0.000001
vn 0.708397 -0.482982 -0.514686
vn 0.802175 0.129733 -0.582825
vn 0.708397 -0.482982 -0.514686
vn 0.270506 -0.482985 -0.832797
vn 0.306320 0.129733 -0.943047
vn 0.802175 0.129733 -0.582825
vn 0.306320 0.129733 -0.943047
vn 0.300754 0.228514 -0.925920
vn 0.787608 0.228514 -0.572236
vn 0.802175 0.129733 -0.582825
vn -0.807914 -0.052454 -0.586961
vn -0.308603 -0.052454 -0.949744
vn -0.307132 0.110625 -0.945216
vn -0.804062 0.110624 -0.584163
vn -0.300852 0.228514 -0.925889
vn -0.787621 0.228514 -0.572219
vn -0.804062 0.110624 -0.584163
vn -0.307132 0.110625 -0.945216
vn -0.787621 0.228514 -0.572219
vn -0.973541 0.228514 -0.000001
vn -0.993862 0.110625 -0.000001
vn -0.804062 0.110624 -0.584163
vn -0.993862 0.110625 -0.000001
vn -0.998623 -0.052454 -0.000001
vn -0.807914 -0.052454 -0.586961
vn -0.804062 0.110624 -0.584163
vn 0.993862 0.110625 0.000001
vn 0.973541 0.228514 0.000001
vn 0.787608 0.228514 -0.572236
vn 0.804049 0.110625 -0.584181
vn 0.300754 0.228514 -0.925920
vn -0.300852 0.228514 -0.925889
vn -0.307132 0.110625 -0.945216
vn 0.307032 0.110624 -0.945248
vn 0.787608 0.228514 -0.572236
vn 0.300754 0.228514 -0.925920
vn 0.307032 0.110624 -0.945248
vn 0.804049 0.110625 -0.584181
vn -0.307132 0.110625 -0.945216
vn -0.308603 -0.052454 -0.949744
vn 0.308503 -0.052454 -0.949776
vn 0.307032 0.110624 -0.945248
vn 0.307032 0.110624 -0.945248
vn 0.308503 -0.052454 -0.949776
vn 0.807901 -0.052454 -0.586979
vn 0.804049 0.110625 -0.584181
vn -0.988036 0.154226 -0.000001
vn -0.796972 0.156081 0.583502
vn -0.768726 0.291297 0.569392
vn -0.954995 0.296623 -0.000001
vn -0.793644 -0.194090 0.576592
vn -0.980984 -0.194090 -0.000001
vn -0.962442 -0.271488 -0.000001
vn -0.778643 -0.271488 0.565694
vn 0.793628 -0.194090 0.576614
vn 0.303053 -0.194090 0.932999
vn 0.297324 -0.271488 0.915365
vn 0.778628 -0.271488 0.565714
vn 0.300349 -0.234001 0.924680
vn 0.786552 -0.234002 0.571471
vn 0.778628 -0.271488 0.565714
vn 0.297324 -0.271488 0.915365
vn 0.786552 -0.234002 0.571471
vn 0.972236 -0.234002 0.000001
vn 0.962442 -0.271488 0.000001
vn 0.778628 -0.271488 0.565714
vn 0.998623 -0.052454 0.000001
vn 0.972236 -0.234002 0.000001
vn 0.786552 -0.234002 0.571471
vn 0.807900 -0.052454 0.586981
vn 0.300349 -0.234001 0.924680
vn 0.308501 -0.052454 0.949777
vn 0.807900 -0.052454 0.586981
vn 0.786552 -0.234002 0.571471
vn 0.962442 -0.271488 0.000001
vn 0.980984 -0.194090 0.000001
vn 0.793628 -0.194090 0.576614
vn 0.778628 -0.271488 0.565714
vn -0.972236 -0.234002 -0.000001
vn -0.786567 -0.234002 0.571450
vn -0.778643 -0.271488 0.565694
vn -0.962442 -0.271488 -0.000001
vn -0.300450 -0.234002 0.924647
vn 0.300349 -0.234001 0.924680
vn 0.297324 -0.271488 0.915365
vn -0.297424 -0.271488 0.915332
vn -0.308605 -0.052454 0.949743
vn 0.308501 -0.052454 0.949777
vn 0.300349 -0.234001 0.924680
vn -0.300450 -0.234002 0.924647
vn -0.786567 -0.234002 0.571450
vn -0.300450 -0.234002 0.924647
vn -0.297424 -0.271488 0.915332
vn -0.778643 -0.271488 0.565694
vn -0.807915 -0.052454 0.586960
vn -0.308605 -0.052454 0.949743
vn -0.300450 -0.234002 0.924647
vn -0.786567 -0.234002 0.571450
vn -0.972236 -0.234002 -0.000001
vn -0.998623 -0.052454 -0.000001
vn -0.807915 -0.052454 0.586960
vn -0.786567 -0.234002 0.571450
vn 0.303053 -0.194090 0.932999
vn -0.303154 -0.194090 0.932967
vn -0.297424 -0.271488 0.915332
vn 0.297324 -0.271488 0.915365
vn -0.303154 -0.194090 0.932967
vn -0.793644 -0.194090 0.576592
vn -0.778643 -0.271488 0.565694
vn -0.297424 -0.271488 0.915332
vn 0.301810 0.153918 0.940861
vn 0.796955 0.156081 0.583525
vn 0.768712 0.291298 0.569410
vn 0.288442 0.279246 0.915873
vn 0.809005 -0.034708 0.586776
vn 0.309543 -0.032029 0.950346
vn 0.303053 -0.194090 0.932999
vn 0.793628 -0.194090 0.576614
vn 0.999350 -0.036065 0.000001
vn 0.809005 -0.034708 0.586776
vn 0.793628 -0.194090 0.576614
vn 0.980984 -0.194090 0.000001
vn 0.309543 -0.032029 0.950346
vn 0.809005 -0.034708 0.586776
vn 0.796955 0.156081 0.583525
vn 0.301810 0.153918 0.940861
vn 0.809005 -0.034708 0.586776
vn 0.999350 -0.036065 0.000001
vn 0.988036 0.154225 0.000001
vn 0.796955 0.156081 0.583525
vn 0.796955 0.156081 0.583525
vn 0.988036 0.154225 0.000001
vn 0.954996 0.296620 0.000001
vn 0.768712 0.291298 0.569410
vn -0.809022 -0.034707 0.586753
vn -0.999349 -0.036065 -0.000001
vn -0.980984 -0.194090 -0.000001
vn -0.793644 -0.194090 0.576592
vn 0.303053 -0.194090 0.932999
vn 0.309543 -0.032029 0.950346
vn -0.309646 -0.032029 0.950312
vn -0.303154 -0.194090 0.932967
vn -0.303154 -0.194090 0.932967
vn -0.309646 -0.032029 0.950312
vn -0.809022 -0.034707 0.586753
vn -0.793644 -0.194090 0.576592
vn -0.301912 0.153918 0.940829
vn 0.301810 0.153918 0.940861
vn 0.288442 0.279246 0.915873
vn -0.288542 0.279246 0.915841
vn -0.309646 -0.032029 0.950312
vn 0.309543 -0.032029 0.950346
vn 0.301810 0.153918 0.940861
vn -0.301912 0.153918 0.940829
vn -0.999349 -0.036065 -0.000001
vn -0.809022 -0.034707 0.586753
vn -0.796972 0.156081 0.583502
vn -0.988036 0.154226 -0.000001
vn -0.809022 -0.034707 0.586753
vn -0.309646 -0.032029 0.950312
vn -0.301912 0.153918 0.940829
vn -0.796972 0.156081 0.583502
vn -0.796972 0.156081 0.583502
vn -0.301912 0.153918 0.940829
vn -0.288542 0.279246 0.915841
vn -0.768726 0.291297 0.569392
vn 0.980984 -0.194090 0.000001
vn 0.962442 -0.271488 0.000001
vn 0.778629 -0.271488 -0.565713
vn 0.793629 -0.194090 -0.576613
vn -0.793643 -0.194090 -0.576593
vn -0.303152 -0.194090 -0.932967
vn -0.297422 -0.271488 -0.915333
vn -0.778642 -0.271488 -0.565695
vn -0.300449 -0.234002 -0.924648
vn -0.786566 -0.234002 -0.571452
vn -0.778642 -0.271488 -0.565695
vn -0.297422 -0.271488 -0.915333
vn -0.786566 -0.234002 -0.571452
vn -0.972236 -0.234002 -0.000001
vn -0.962442 -0.271488 -0.000001
vn -0.778642 -0.271488 -0.565695
vn -0.807914 -0.052454 -0.586961
vn -0.998623 -0.052454 -0.000001
vn -0.972236 -0.234002 -0.000001
vn -0.786566 -0.234002 -0.571452
vn -0.308603 -0.052454 -0.949744
vn -0.807914 -0.052454 -0.586961
vn -0.786566 -0.234002 -0.571452
vn -0.300449 -0.234002 -0.924648
vn -0.962442 -0.271488 -0.000001
vn -0.980984 -0.194090 -0.000001
vn -0.793643 -0.194090 -0.576593
vn -0.778642 -0.271488 -0.565695
vn 0.962442 -0.271488 0.000001
vn 0.972236 -0.234002 0.000001
vn 0.786553 -0.234002 -0.571469
vn 0.778629 -0.271488 -0.565713
vn 0.300351 -0.234001 -0.924680
vn -0.300449 -0.234002 -0.924648
vn -0.297422 -0.271488 -0.915333
vn 0.297326 -0.271488 -0.915364
vn 0.308503 -0.052454 -0.949776
vn -0.308603 -0.052454 -0.949744
vn -0.300449 -0.234002 -0.924648
vn 0.300351 -0.234001 -0.924680
vn 0.786553 -0.234002 -0.571469
vn 0.300351 -0.234001 -0.924680
vn 0.297326 -0.271488 -0.915364
vn 0.778629 -0.271488 -0.565713
vn 0.807901 -0.052454 -0.586979
vn 0.308503 -0.052454 -0.949776
vn 0.300351 -0.234001 -0.924680
vn 0.786553 -0.234002 -0.571469
vn 0.972236 -0.234002 0.000001
vn 0.998623 -0.052454 0.000001
vn 0.807901 -0.052454 -0.586979
vn 0.786553 -0.234002 -0.571469
vn -0.297422 -0.271488 -0.915333
vn -0.303152 -0.194090 -0.932967
vn 0.303054 -0.194090 -0.932999
vn 0.297326 -0.271488 -0.915364
vn 0.297326 -0.271488 -0.915364
vn 0.303054 -0.194090 -0.932999
vn 0.793629 -0.194090 -0.576613
vn 0.778629 -0.271488 -0.565713
vn -0.305332 0.154226 -0.939674
vn -0.799348 0.154226 -0.580738
vn -0.772617 0.296623 -0.561318
vn -0.295120 0.296623 -0.908250
vn -0.808501 -0.036065 -0.587388
vn -0.308828 -0.036065 -0.950434
vn -0.303152 -0.194090 -0.932967
vn -0.793643 -0.194090 -0.576593
vn -0.980984 -0.194090 -0.000001
vn -0.999349 -0.036065 -0.000001
vn -0.808501 -0.036065 -0.587388
vn -0.793643 -0.194090 -0.576593
vn -0.308828 -0.036065 -0.950434
vn -0.808501 -0.036065 -0.587388
vn -0.799348 0.154226 -0.580738
vn -0.305332 0.154226 -0.939674
vn -0.808501 -0.036065 -0.587388
vn -0.999349 -0.036065 -0.000001
vn -0.988036 0.154226 -0.000001
vn -0.799348 0.154226 -0.580738
vn -0.799348 0.154226 -0.580738
vn -0.988036 0.154226 -0.000001
vn -0.954995 0.296623 -0.000001
vn -0.772617 0.296623 -0.561318
vn 0.808487 -0.036065 -0.587408
vn 0.999350 -0.036065 0.000001
vn 0.980984 -0.194090 0.000001
vn 0.793629 -0.194090 -0.576613
vn -0.303152 -0.194090 -0.932967
vn -0.308828 -0.036065 -0.950434
vn 0.308728 -0.036065 -0.950466
vn 0.303054 -0.194090 -0.932999
vn 0.303054 -0.194090 -0.932999
vn 0.308728 -0.036065 -0.950466
vn 0.808487 -0.036065 -0.587408
vn 0.793629 -0.194090 -0.576613
vn 0.305233 0.154226 -0.939706
vn -0.305332 0.154226 -0.939674
vn -0.295120 0.296623 -0.908250
vn 0.295024 0.296624 -0.908282
vn 0.308728 -0.036065 -0.950466
vn -0.308828 -0.036065 -0.950434
vn -0.305332 0.154226 -0.939674
vn 0.305233 0.154226 -0.939706
vn 0.988036 0.154225 0.000001
vn 0.999350 -0.036065 0.000001
vn 0.808487 -0.036065 -0.587408
vn 0.799334 0.154226 -0.580758
vn 0.808487 -0.036065 -0.587408
vn 0.308728 -0.036065 -0.950466
vn 0.305233 0.154226 -0.939706
vn 0.799334 0.154226 -0.580758
vn 0.799334 0.154226 -0.580758
vn 0.305233 0.154226 -0.939706
vn 0.295024 0.296624 -0.908282
vn 0.772606 0.296623 -0.561333
vn -0.779705 0.266732 0.566493
vn -0.963771 0.266732 -0.000001
vn -0.983330 0.181829 -0.000001
vn -0.795527 0.181830 0.577992
vn 0.779718 0.266732 -0.566475
vn 0.963771 0.266732 0.000001
vn 0.983330 0.181830 0.000001
vn 0.795542 0.181830 -0.577971
vn 0.808256 -0.043693 -0.587208
vn 0.999045 -0.043692 0.000001
vn 0.974516 -0.224319 0.000001
vn 0.788411 -0.224320 -0.572790
vn -0.808239 -0.043692 -0.587232
vn -0.308633 -0.043693 -0.950177
vn -0.301052 -0.224319 -0.926849
vn -0.788397 -0.224320 -0.572809
vn -0.327122 0.914603 -0.237682
vn -0.124921 0.914596 -0.384588
vn 0.288442 0.279246 0.915873
vn 0.768712 0.291298 0.569410
vn 0.954996 0.296620 0.000001
vn -0.404329 0.914614 0.000000
vn -0.327122 0.914603 -0.237682
vn 0.768712 0.291298 0.569410
vn -0.788397 -0.224320 -0.572809
vn -0.301052 -0.224319 -0.926849
vn -0.124921 0.914596 -0.384588
vn -0.327122 0.914603 -0.237682
vn -0.404329 0.914614 0.000000
vn -0.974516 -0.224320 -0.000001
vn -0.788397 -0.224320 -0.572809
vn -0.327122 0.914603 -0.237682
vn -0.999045 -0.043692 -0.000001
vn -0.808239 -0.043692 -0.587232
vn -0.788397 -0.224320 -0.572809
vn -0.974516 -0.224320 -0.000001
vn 0.404354 0.914602 0.000000
vn -0.954995 0.296623 -0.000001
vn -0.768726 0.291297 0.569392
vn 0.327135 0.914602 -0.237669
vn 0.288442 0.279246 0.915873
vn -0.124921 0.914596 -0.384588
vn 0.124958 0.914602 -0.384564
vn -0.288542 0.279246 0.915841
vn -0.288542 0.279246 0.915841
vn 0.124958 0.914602 -0.384564
vn 0.327135 0.914602 -0.237669
vn -0.768726 0.291297 0.569392
vn -0.301052 -0.224319 -0.926849
vn -0.308633 -0.043693 -0.950177
vn 0.308736 -0.043692 -0.950144
vn 0.301154 -0.224320 -0.926815
vn 0.301154 -0.224320 -0.926815
vn 0.124958 0.914602 -0.384564
vn -0.124921 0.914596 -0.384588
vn -0.301052 -0.224319 -0.926849
vn 0.974516 -0.224319 0.000001
vn 0.404354 0.914602 0.000000
vn 0.327135 0.914602 -0.237669
vn 0.788411 -0.224320 -0.572790
vn 0.327135 0.914602 -0.237669
vn 0.124958 0.914602 -0.384564
vn 0.301154 -0.224320 -0.926815
vn 0.788411 -0.224320 -0.572790
vn 0.301154 -0.224320 -0.926815
vn 0.308736 -0.043692 -0.950144
vn 0.808256 -0.043693 -0.587208
vn 0.788411 -0.224320 -0.572790
vn -0.779704 0.266732 -0.566494
vn -0.297734 0.266732 -0.916629
vn -0.303778 0.181830 -0.935231
vn -0.795526 0.181830 -0.577993
vn -0.808239 -0.043692 -0.587232
vn -0.795526 0.181830 -0.577993
vn -0.303778 0.181830 -0.935231
vn -0.308633 -0.043693 -0.950177
vn -0.983330 0.181829 -0.000001
vn -0.795526 0.181830 -0.577993
vn -0.808239 -0.043692 -0.587232
vn -0.999045 -0.043692 -0.000001
vn -0.963771 0.266732 -0.000001
vn -0.779704 0.266732 -0.566494
vn -0.795526 0.181830 -0.577993
vn -0.983330 0.181829 -0.000001
vn 0.808256 -0.043693 -0.587208
vn 0.795542 0.181830 -0.577971
vn 0.983330 0.181830 0.000001
vn 0.999045 -0.043692 0.000001
vn -0.308633 -0.043693 -0.950177
vn -0.303778 0.181830 -0.935231
vn 0.303879 0.181830 -0.935198
vn 0.308736 -0.043692 -0.950144
vn 0.308736 -0.043692 -0.950144
vn 0.303879 0.181830 -0.935198
vn 0.795542 0.181830 -0.577971
vn 0.808256 -0.043693 -0.587208
vn -0.303778 0.181830 -0.935231
vn -0.297734 0.266732 -0.916629
vn 0.297834 0.266732 -0.916596
vn 0.303879 0.181830 -0.935198
vn 0.303879 0.181830 -0.935198
vn 0.297834 0.266732 -0.916596
vn 0.779718 0.266732 -0.566475
vn 0.795542 0.181830 -0.577971
vn -0.808240 -0.043692 0.587230
vn -0.999045 -0.043692 -0.000001
vn -0.974516 -0.224320 -0.000001
vn -0.788399 -0.224320 0.572807
vn 0.808255 -0.043693 0.587209
vn 0.308734 -0.043692 0.950144
vn 0.301153 -0.224319 0.926816
vn 0.788410 -0.224320 0.572792
vn -0.772617 0.296623 -0.561318
vn 0.327135 0.914602 0.237669
vn 0.124957 0.914602 0.384563
vn -0.295120 0.296623 -0.908250
vn -0.954995 0.296623 -0.000001
vn 0.404354 0.914602 0.000000
vn 0.327135 0.914602 0.237669
vn -0.772617 0.296623 -0.561318
vn 0.788410 -0.224320 0.572792
vn 0.301153 -0.224319 0.926816
vn 0.124957 0.914602 0.384563
vn 0.327135 0.914602 0.237669
vn 0.404354 0.914602 0.000000
vn 0.974516 -0.224319 0.000001
vn 0.788410 -0.224320 0.572792
vn 0.327135 0.914602 0.237669
vn 0.974516 -0.224319 0.000001
vn 0.999045 -0.043692 0.000001
vn 0.808255 -0.043693 0.587209
vn 0.788410 -0.224320 0.572792
vn -0.404329 0.914614 0.000000
vn 0.954996 0.296620 0.000001
vn 0.772606 0.296623 -0.561333
vn -0.327122 0.914604 0.237676
vn -0.295120 0.296623 -0.908250
vn 0.124957 0.914602 0.384563
vn -0.124921 0.914599 0.384582
vn 0.295024 0.296624 -0.908282
vn 0.295024 0.296624 -0.908282
vn -0.124921 0.914599 0.384582
vn -0.327122 0.914604 0.237676
vn 0.772606 0.296623 -0.561333
vn 0.301153 -0.224319 0.926816
vn 0.308734 -0.043692 0.950144
vn -0.308635 -0.043693 0.950177
vn -0.301054 -0.224320 0.926848
vn -0.124921 0.914599 0.384582
vn 0.124957 0.914602 0.384563
vn 0.301153 -0.224319 0.926816
vn -0.301054 -0.224320 0.926848
vn -0.974516 -0.224320 -0.000001
vn -0.404329 0.914614 0.000000
vn -0.327122 0.914604 0.237676
vn -0.788399 -0.224320 0.572807
vn -0.327122 0.914604 0.237676
vn -0.124921 0.914599 0.384582
vn -0.301054 -0.224320 0.926848
vn -0.788399 -0.224320 0.572807
vn -0.301054 -0.224320 0.926848
vn -0.308635 -0.043693 0.950177
vn -0.808240 -0.043692 0.587230
vn -0.788399 -0.224320 0.572807
vn 0.779717 0.266732 0.566476
vn 0.297833 0.266732 0.916597
vn 0.303877 0.181830 0.935199
vn 0.795541 0.181830 0.577973
vn 0.808255 -0.043693 0.587209
vn 0.795541 0.181830 0.577973
vn 0.303877 0.181830 0.935199
vn 0.308734 -0.043692 0.950144
vn 0.999045 -0.043692 0.000001
vn 0.983330 0.181830 0.000001
vn 0.795541 0.181830 0.577973
vn 0.808255 -0.043693 0.587209
vn 0.983330 0.181830 0.000001
vn 0.963771 0.266732 0.000001
vn 0.779717 0.266732 0.566476
vn 0.795541 0.181830 0.577973
vn -0.808240 -0.043692 0.587230
vn -0.795527 0.181830 0.577992
vn -0.983330 0.181829 -0.000001
vn -0.999045 -0.043692 -0.000001
vn 0.308734 -0.043692 0.950144
vn 0.303877 0.181830 0.935199
vn -0.303779 0.181830 0.935231
vn -0.308635 -0.043693 0.950177
vn -0.308635 -0.043693 0.950177
vn -0.303779 0.181830 0.935231
vn -0.795527 0.181830 0.577992
vn -0.808240 -0.043692 0.587230
vn 0.303877 0.181830 0.935199
vn 0.297833 0.266732 0.916597
vn -0.297735 0.266732 0.916628
vn -0.303779 0.181830 0.935231
vn -0.303779 0.181830 0.935231
vn -0.297735 0.266732 0.916628
vn -0.779705 0.266732 0.566493
vn -0.795527 0.181830 0.577992
vn -0.803281 0.118830 -0.583625
vn -0.306737 0.118830 -0.944347
vn -0.297734 0.266732 -0.916629
vn -0.779704 0.266732 -0.566494
vn -0.992915 0.118831 -0.000001
vn -0.803281 0.118830 -0.583625
vn -0.779704 0.266732 -0.566494
vn -0.963771 0.266732 -0.000001
vn -0.306737 0.118830 -0.944347
vn -0.803281 0.118830 -0.583625
vn -0.806732 -0.075049 -0.586132
vn -0.308055 -0.075049 -0.948404
vn -0.803281 0.118830 -0.583625
vn -0.992915 0.118831 -0.000001
vn -0.997180 -0.075049 -0.000001
vn -0.806732 -0.075049 -0.586132
vn 0.803296 0.118830 -0.583605
vn 0.992915 0.118830 0.000001
vn 0.963771 0.266732 0.000001
vn 0.779718 0.266732 -0.566475
vn -0.297734 0.266732 -0.916629
vn -0.306737 0.118830 -0.944347
vn 0.306841 0.118830 -0.944314
vn 0.297834 0.266732 -0.916596
vn 0.297834 0.266732 -0.916596
vn 0.306841 0.118830 -0.944314
vn 0.803296 0.118830 -0.583605
vn 0.779718 0.266732 -0.566475
vn 0.306841 0.118830 -0.944314
vn -0.306737 0.118830 -0.944347
vn -0.308055 -0.075049 -0.948404
vn 0.308159 -0.075049 -0.948370
vn 0.992915 0.118830 0.000001
vn 0.803296 0.118830 -0.583605
vn 0.806747 -0.075049 -0.586111
vn 0.997180 -0.075049 0.000001
vn 0.803296 0.118830 -0.583605
vn 0.306841 0.118830 -0.944314
vn 0.308159 -0.075049 -0.948370
vn 0.806747 -0.075049 -0.586111
vn -0.807863 -0.053263 -0.586959
vn -0.308490 -0.053262 -0.949735
vn -0.308055 -0.075049 -0.948404
vn -0.806732 -0.075049 -0.586132
vn -0.998580 -0.053265 -0.000001
vn -0.807863 -0.053263 -0.586959
vn -0.806732 -0.075049 -0.586132
vn -0.997180 -0.075049 -0.000001
vn 0.807880 -0.053263 -0.586935
vn 0.998581 -0.053263 0.000001
vn 0.997180 -0.075049 0.000001
vn 0.806747 -0.075049 -0.586111
vn -0.308055 -0.075049 -0.948404
vn -0.308490 -0.053262 -0.949735
vn 0.308592 -0.053264 -0.949702
vn 0.308159 -0.075049 -0.948370
vn 0.308159 -0.075049 -0.948370
vn 0.308592 -0.053264 -0.949702
vn 0.807880 -0.053263 -0.586935
vn 0.806747 -0.075049 -0.586111
vn 0.803295 0.118830 0.583606
vn 0.306839 0.118830 0.944314
vn 0.297833 0.266732 0.916597
vn 0.779717 0.266732 0.566476
vn 0.963771 0.266732 0.000001
vn 0.992915 0.118830 0.000001
vn 0.803295 0.118830 0.583606
vn 0.779717 0.266732 0.566476
vn 0.306839 0.118830 0.944314
vn 0.803295 0.118830 0.583606
vn 0.806746 -0.075049 0.586113
vn 0.308157 -0.075049 0.948371
vn 0.803295 0.118830 0.583606
vn 0.992915 0.118830 0.000001
vn 0.997180 -0.075049 0.000001
vn 0.806746 -0.075049 0.586113
vn -0.803282 0.118830 0.583624
vn -0.992915 0.118831 -0.000001
vn -0.963771 0.266732 -0.000001
vn -0.779705 0.266732 0.566493
vn 0.297833 0.266732 0.916597
vn 0.306839 0.118830 0.944314
vn -0.306739 0.118830 0.944347
vn -0.297735 0.266732 0.916628
vn -0.297735 0.266732 0.916628
vn -0.306739 0.118830 0.944347
vn -0.803282 0.118830 0.583624
vn -0.779705 0.266732 0.566493
vn -0.306739 0.118830 0.944347
vn 0.306839 0.118830 0.944314
vn 0.308157 -0.075049 0.948371
vn -0.308057 -0.075049 0.948403
vn -0.997180 -0.075049 -0.000001
vn -0.992915 0.118831 -0.000001
vn -0.803282 0.118830 0.583624
vn -0.806733 -0.075049 0.586131
vn -0.803282 0.118830 0.583624
vn -0.306739 0.118830 0.944347
vn -0.308057 -0.075049 0.948403
vn -0.806733 -0.075049 0.586131
vn 0.807879 -0.053263 0.586936
vn 0.308590 -0.053263 0.949703
vn 0.308157 -0.075049 0.948371
vn 0.806746 -0.075049 0.586113
vn 0.997180 -0.075049 0.000001
vn 0.998581 -0.053263 0.000001
vn 0.807879 -0.053263 0.586936
vn 0.806746 -0.075049 0.586113
vn -0.807864 -0.053263 0.586957
vn -0.998580 -0.053265 -0.000001
vn -0.997180 -0.075049 -0.000001
vn -0.806733 -0.075049 0.586131
vn 0.308157 -0.075049 0.948371
vn 0.308590 -0.053263 0.949703
vn -0.308492 -0.053262 0.949735
vn -0.308057 -0.075049 0.948403
vn -0.308057 -0.075049 0.948403
vn -0.308492 -0.053262 0.949735
vn -0.807864 -0.053263 0.586957
vn -0.806733 -0.075049 0.586131
vn -0.105744 0.939590 -0.325561
vn -0.276933 0.939588 -0.201204
vn 0.000000 1.000000 -0.000000
vn -0.276933 0.939588 -0.201204
vn -0.342324 0.939582 -0.000000
vn 0.000000 1.000000 -0.000000
vn 0.342317 0.939585 0.000000
vn 0.276943 0.939585 -0.201201
vn 0.000000 1.000000 -0.000000
vn 0.105787 0.939586 -0.325558
vn -0.105744 0.939590 -0.325561
vn 0.000000 1.000000 -0.000000
vn 0.276943 0.939585 -0.201201
vn 0.105787 0.939586 -0.325558
vn 0.000000 1.000000 -0.000000
vn 0.105786 0.939586 0.325558
vn 0.276943 0.939585 0.201202
vn 0.000000 1.000000 -0.000000
vn 0.276943 0.939585 0.201202
vn 0.342317 0.939585 0.000000
vn 0.000000 1.000000 -0.000000
vn -0.342324 0.939582 -0.000000
vn -0.276933 0.939588 0.201204
vn 0.000000 1.000000 -0.000000
vn -0.105744 0.939590 0.325561
vn 0.105786 0.939586 0.325558
vn 0.000000 1.000000 -0.000000
vn -0.276933 0.939588 0.201204
vn -0.105744 0.939590 0.325561
vn 0.000000 1.000000 -0.000000
vn 0.127241 -0.987554 0.092446
vn 0.048585 -0.987555 0.149583
vn 0.000000 -1.000000 0.000000
vn 0.157288 -0.987553 0.000000
vn 0.127241 -0.987554 0.092446
vn 0.000000 -1.000000 0.000000
vn -0.127245 -0.987554 0.092445
vn -0.157282 -0.987554 -0.000000
vn 0.000000 -1.000000 0.000000
vn 0.048585 -0.987555 0.149583
vn -0.048605 -0.987554 0.149582
vn 0.000000 -1.000000 0.000000
vn -0.048605 -0.987554 0.149582
vn -0.127245 -0.987554 0.092445
vn 0.000000 -1.000000 0.000000
vn -0.127245 -0.987554 -0.092445
vn -0.048604 -0.987554 -0.149582
vn 0.000000 -1.000000 0.000000
vn -0.157282 -0.987554 -0.000000
vn -0.127245 -0.987554 -0.092445
vn 0.000000 -1.000000 0.000000
vn 0.127241 -0.987554 -0.092446
vn 0.157288 -0.987553 0.000000
vn 0.000000 -1.000000 0.000000
vn -0.048604 -0.987554 -0.149582
vn 0.048585 -0.987555 -0.149583
vn 0.000000 -1.000000 0.000000
vn 0.048585 -0.987555 -0.149583
vn 0.127241 -0.987554 -0.092446
vn 0.000000 -1.000000 0.000000
vn 0.270505 -0.482985 0.832798
vn 0.048585 -0.987555 0.149583
vn 0.127241 -0.987554 0.092446
vn 0.708396 -0.482982 0.514687
vn 0.048585 -0.987555 0.149583
vn 0.270505 -0.482985 0.832798
vn -0.270596 -0.482982 0.832770
vn -0.048605 -0.987554 0.149582
vn 0.708396 -0.482982 0.514687
vn 0.127241 -0.987554 0.092446
vn 0.157288 -0.987553 0.000000
vn 0.875634 -0.482975 0.000001
vn 0.875634 -0.482975 0.000001
vn 0.157288 -0.987553 0.000000
vn 0.127241 -0.987554 -0.092446
vn 0.708397 -0.482982 -0.514686
vn -0.875630 -0.482982 -0.000001
vn -0.157282 -0.987554 -0.000000
vn -0.127245 -0.987554 0.092445
vn -0.708410 -0.482983 0.514668
vn -0.157282 -0.987554 -0.000000
vn -0.875630 -0.482982 -0.000001
vn -0.708409 -0.482983 -0.514670
vn -0.127245 -0.987554 -0.092445
vn -0.708410 -0.482983 0.514668
vn -0.127245 -0.987554 0.092445
vn -0.048605 -0.987554 0.149582
vn -0.270596 -0.482982 0.832770
vn -0.270595 -0.482982 -0.832771
vn -0.048604 -0.987554 -0.149582
vn -0.127245 -0.987554 -0.092445
vn -0.708409 -0.482983 -0.514670
vn -0.048604 -0.987554 -0.149582
vn -0.270595 -0.482982 -0.832771
vn 0.270506 -0.482985 -0.832797
vn 0.048585 -0.987555 -0.149583
vn 0.708397 -0.482982 -0.514686
vn 0.127241 -0.987554 -0.092446
vn 0.048585 -0.987555 -0.149583
vn 0.270506 -0.482985 -0.832797
vn -0.308490 -0.053262 -0.949735
vn -0.105744 0.939590 -0.325561
vn 0.105787 0.939586 -0.325558
vn 0.308592 -0.053264 -0.949702
vn -0.105744 0.939590 -0.325561
vn -0.308490 -0.053262 -0.949735
vn -0.807863 -0.053263 -0.586959
vn -0.276933 0.939588 -0.201204
vn -0.276933 0.939588 -0.201204
vn -0.807863 -0.053263 -0.586959
vn -0.998580 -0.053265 -0.000001
vn -0.342324 0.939582 -0.000000
vn -0.342324 0.939582 -0.000000
vn -0.998580 -0.053265 -0.000001
vn -0.807864 -0.053263 0.586957
vn -0.276933 0.939588 0.201204
vn 0.998581 -0.053263 0.000001
vn 0.342317 0.939585 0.000000
vn 0.276943 0.939585 0.201202
vn 0.807879 -0.053263 0.586936
vn 0.342317 0.939585 0.000000
vn 0.998581 -0.053263 0.000001
vn 0.807880 -0.053263 -0.586935
vn 0.276943 0.939585 -0.201201
vn 0.276943 0.939585 -0.201201
vn 0.807880 -0.053263 -0.586935
vn 0.308592 -0.053264 -0.949702
vn 0.105787 0.939586 -0.325558
vn 0.308590 -0.053263 0.949703
vn 0.105786 0.939586 0.325558
vn -0.105744 0.939590 0.325561
vn -0.308492 -0.053262 0.949735
vn 0.105786 0.939586 0.325558
vn 0.308590 -0.053263 0.949703
vn 0.807879 -0.053263 0.586936
vn 0.276943 0.939585 0.201202
vn -0.276933 0.939588 0.201204
vn -0.807864 -0.053263 0.586957
vn -0.308492 -0.053262 0.949735
vn -0.105744 0.939590 0.325561
vn 0.800666 -0.143273 -0.581727
vn 0.989683 -0.143272 0.000001
vn 0.886426 -0.462871 0.000001
vn 0.717128 -0.462875 -0.521031
vn 0.808369 0.039944 -0.587320
vn 0.999202 0.039944 0.000001
vn 0.960700 0.277589 0.000001
vn 0.777221 0.277587 -0.564688
vn -0.808383 0.039944 0.587300
vn -0.999202 0.039944 -0.000001
vn -0.960701 0.277587 -0.000001
vn -0.777234 0.277586 0.564670
vn -0.248460 0.968642 -0.000000
vn -0.201011 0.968642 0.146037
vn -0.170220 0.977615 0.123667
vn -0.210400 0.977615 -0.000000
vn 0.076756 0.968643 0.236304
vn 0.201008 0.968642 0.146044
vn 0.170215 0.977616 0.123671
vn 0.064999 0.977615 0.200110
vn 0.806220 -0.082939 0.585774
vn 0.307868 -0.082939 0.947807
vn 0.038920 -0.992032 0.119824
vn 0.101927 -0.992032 0.074054
vn 0.125997 -0.992031 0.000000
vn 0.996555 -0.082937 0.000001
vn 0.806220 -0.082939 0.585774
vn 0.101927 -0.992032 0.074054
vn 0.201008 0.968642 0.146044
vn 0.248470 0.968640 0.000000
vn 0.210393 0.977617 0.000000
vn 0.170215 0.977616 0.123671
vn 0.996555 -0.082937 0.000001
vn 0.248470 0.968640 0.000000
vn 0.201008 0.968642 0.146044
vn 0.806220 -0.082939 0.585774
vn 0.076756 0.968643 0.236304
vn 0.307868 -0.082939 0.947807
vn 0.806220 -0.082939 0.585774
vn 0.201008 0.968642 0.146044
vn -0.076782 0.968642 0.236299
vn 0.076756 0.968643 0.236304
vn 0.064999 0.977615 0.200110
vn -0.065020 0.977616 0.200101
vn -0.307967 -0.082939 0.947775
vn -0.038935 -0.992031 0.119824
vn 0.038920 -0.992032 0.119824
vn 0.307868 -0.082939 0.947807
vn -0.076782 0.968642 0.236299
vn -0.307967 -0.082939 0.947775
vn 0.307868 -0.082939 0.947807
vn 0.076756 0.968643 0.236304
vn -0.996555 -0.082940 -0.000001
vn -0.125992 -0.992031 -0.000000
vn -0.101931 -0.992031 0.074054
vn -0.806241 -0.082939 0.585744
vn -0.101931 -0.992031 0.074054
vn -0.038935 -0.992031 0.119824
vn -0.307967 -0.082939 0.947775
vn -0.806241 -0.082939 0.585744
vn -0.201011 0.968642 0.146037
vn -0.076782 0.968642 0.236299
vn -0.065020 0.977616 0.200101
vn -0.170220 0.977615 0.123667
vn -0.201011 0.968642 0.146037
vn -0.806241 -0.082939 0.585744
vn -0.307967 -0.082939 0.947775
vn -0.076782 0.968642 0.236299
vn -0.248460 0.968642 -0.000000
vn -0.996555 -0.082940 -0.000001
vn -0.806241 -0.082939 0.585744
vn -0.201011 0.968642 0.146037
vn 0.808368 0.039944 0.587321
vn 0.308680 0.039944 0.950327
vn 0.296785 0.277586 0.913709
vn 0.777220 0.277587 0.564690
vn 0.589175 0.685298 0.428064
vn 0.224979 0.685297 0.692642
vn 0.064999 0.977615 0.200110
vn 0.170215 0.977616 0.123671
vn 0.210393 0.977617 0.000000
vn 0.728260 0.685301 0.000001
vn 0.589175 0.685298 0.428064
vn 0.170215 0.977616 0.123671
vn 0.777220 0.277587 0.564690
vn 0.296785 0.277586 0.913709
vn 0.224979 0.685297 0.692642
vn 0.589175 0.685298 0.428064
vn 0.728260 0.685301 0.000001
vn 0.960700 0.277589 0.000001
vn 0.777220 0.277587 0.564690
vn 0.589175 0.685298 0.428064
vn 0.999202 0.039944 0.000001
vn 0.808368 0.039944 0.587321
vn 0.777220 0.277587 0.564690
vn 0.960700 0.277589 0.000001
vn -0.728263 0.685297 -0.000001
vn -0.210400 0.977615 -0.000000
vn -0.170220 0.977615 0.123667
vn -0.589186 0.685297 0.428051
vn 0.064999 0.977615 0.200110
vn 0.224979 0.685297 0.692642
vn -0.225055 0.685298 0.692616
vn -0.065020 0.977616 0.200101
vn -0.065020 0.977616 0.200101
vn -0.225055 0.685298 0.692616
vn -0.589186 0.685297 0.428051
vn -0.170220 0.977615 0.123667
vn 0.296785 0.277586 0.913709
vn 0.308680 0.039944 0.950327
vn -0.308784 0.039944 0.950293
vn -0.296885 0.277587 0.913677
vn -0.296885 0.277587 0.913677
vn -0.225055 0.685298 0.692616
vn 0.224979 0.685297 0.692642
vn 0.296785 0.277586 0.913709
vn -0.960701 0.277587 -0.000001
vn -0.728263 0.685297 -0.000001
vn -0.589186 0.685297 0.428051
vn -0.777234 0.277586 0.564670
vn -0.589186 0.685297 0.428051
vn -0.225055 0.685298 0.692616
vn -0.296885 0.277587 0.913677
vn -0.777234 0.277586 0.564670
vn -0.296885 0.277587 0.913677
vn -0.308784 0.039944 0.950293
vn -0.808383 0.039944 0.587300
vn -0.777234 0.277586 0.564670
vn 0.210393 0.977617 0.000000
vn 0.248470 0.968640 0.000000
vn 0.201008 0.968642 -0.146043
vn 0.170215 0.977616 -0.123670
vn -0.076782 0.968642 -0.236299
vn -0.201010 0.968642 -0.146037
vn -0.170219 0.977615 -0.123667
vn -0.065019 0.977616 -0.200101
vn -0.806240 -0.082939 -0.585746
vn -0.307966 -0.082938 -0.947776
vn -0.038935 -0.992031 -0.119824
vn -0.101930 -0.992031 -0.074054
vn -0.125992 -0.992031 -0.000000
vn -0.996555 -0.082940 -0.000001
vn -0.806240 -0.082939 -0.585746
vn -0.101930 -0.992031 -0.074054
vn -0.201010 0.968642 -0.146037
vn -0.248460 0.968642 -0.000000
vn -0.210400 0.977615 -0.000000
vn -0.170219 0.977615 -0.123667
vn -0.996555 -0.082940 -0.000001
vn -0.248460 0.968642 -0.000000
vn -0.201010 0.968642 -0.146037
vn -0.806240 -0.082939 -0.585746
vn -0.076782 0.968642 -0.236299
vn -0.307966 -0.082938 -0.947776
vn -0.806240 -0.082939 -0.585746
vn -0.201010 0.968642 -0.146037
vn 0.076756 0.968643 -0.236304
vn -0.076782 0.968642 -0.236299
vn -0.065019 0.977616 -0.200101
vn 0.064999 0.977615 -0.200110
vn 0.038920 -0.992032 -0.119824
vn -0.038935 -0.992031 -0.119824
vn -0.307966 -0.082938 -0.947776
vn 0.307869 -0.082938 -0.947807
vn -0.307966 -0.082938 -0.947776
vn -0.076782 0.968642 -0.236299
vn 0.076756 0.968643 -0.236304
vn 0.307869 -0.082938 -0.947807
vn 0.996555 -0.082937 0.000001
vn 0.125997 -0.992031 0.000000
vn 0.101927 -0.992032 -0.074054
vn 0.806221 -0.082938 -0.585772
vn 0.101927 -0.992032 -0.074054
vn 0.038920 -0.992032 -0.119824
vn 0.307869 -0.082938 -0.947807
vn 0.806221 -0.082938 -0.585772
vn 0.201008 0.968642 -0.146043
vn 0.076756 0.968643 -0.236304
vn 0.064999 0.977615 -0.200110
vn 0.170215 0.977616 -0.123670
vn 0.806221 -0.082938 -0.585772
vn 0.307869 -0.082938 -0.947807
vn 0.076756 0.968643 -0.236304
vn 0.201008 0.968642 -0.146043
vn 0.248470 0.968640 0.000000
vn 0.996555 -0.082937 0.000001
vn 0.806221 -0.082938 -0.585772
vn 0.201008 0.968642 -0.146043
vn -0.808382 0.039944 -0.587301
vn -0.308782 0.039944 -0.950294
vn -0.296884 0.277587 -0.913677
vn -0.777233 0.277586 -0.564672
vn -0.225054 0.685298 -0.692617
vn -0.065019 0.977616 -0.200101
vn -0.170219 0.977615 -0.123667
vn -0.589185 0.685297 -0.428052
vn -0.210400 0.977615 -0.000000
vn -0.728263 0.685297 -0.000001
vn -0.589185 0.685297 -0.428052
vn -0.170219 0.977615 -0.123667
vn -0.296884 0.277587 -0.913677
vn -0.225054 0.685298 -0.692617
vn -0.589185 0.685297 -0.428052
vn -0.777233 0.277586 -0.564672
vn -0.589185 0.685297 -0.428052
vn -0.728263 0.685297 -0.000001
vn -0.960701 0.277587 -0.000001
vn -0.777233 0.277586 -0.564672
vn -0.960701 0.277587 -0.000001
vn -0.999202 0.039944 -0.000001
vn -0.808382 0.039944 -0.587301
vn -0.777233 0.277586 -0.564672
vn 0.728260 0.685301 0.000001
vn 0.210393 0.977617 0.000000
vn 0.170215 0.977616 -0.123670
vn 0.589176 0.685298 -0.428063
vn -0.065019 0.977616 -0.200101
vn -0.225054 0.685298 -0.692617
vn 0.224980 0.685296 -0.692642
vn 0.064999 0.977615 -0.200110
vn 0.064999 0.977615 -0.200110
vn 0.224980 0.685296 -0.692642
vn 0.589176 0.685298 -0.428063
vn 0.170215 0.977616 -0.123670
vn -0.296884 0.277587 -0.913677
vn -0.308782 0.039944 -0.950294
vn 0.308681 0.039944 -0.950326
vn 0.296787 0.277586 -0.913709
vn 0.296787 0.277586 -0.913709
vn 0.224980 0.685296 -0.692642
vn -0.225054 0.685298 -0.692617
vn -0.296884 0.277587 -0.913677
vn 0.960700 0.277589 0.000001
vn 0.728260 0.685301 0.000001
vn 0.589176 0.685298 -0.428063
vn 0.777221 0.277587 -0.564688
vn 0.589176 0.685298 -0.428063
vn 0.224980 0.685296 -0.692642
vn 0.296787 0.277586 -0.913709
vn 0.777221 0.277587 -0.564688
vn 0.296787 0.277586 -0.913709
vn 0.308681 0.039944 -0.950326
vn 0.808369 0.039944 -0.587320
vn 0.777221 0.277587 -0.564688
vn 0.718063 -0.460661 -0.521706
vn 0.887575 -0.460663 0.000000
vn 0.988989 -0.147986 0.000001
vn 0.800107 -0.147985 -0.581317
vn -0.718075 -0.460661 0.521690
vn -0.887576 -0.460661 -0.000000
vn -0.988990 -0.147985 -0.000001
vn -0.800121 -0.147985 0.581297
vn 0.718062 -0.460661 0.521707
vn 0.274195 -0.460660 0.844162
vn 0.305525 -0.147985 0.940614
vn 0.800106 -0.147985 0.581319
vn 0.808122 -0.046916 0.587143
vn 0.308587 -0.046916 0.950039
vn 0.308680 0.039944 0.950327
vn 0.808368 0.039944 0.587321
vn 0.998899 -0.046917 0.000001
vn 0.808122 -0.046916 0.587143
vn 0.808368 0.039944 0.587321
vn 0.999202 0.039944 0.000001
vn 0.308587 -0.046916 0.950039
vn 0.808122 -0.046916 0.587143
vn 0.800106 -0.147985 0.581319
vn 0.305525 -0.147985 0.940614
vn 0.808122 -0.046916 0.587143
vn 0.998899 -0.046917 0.000001
vn 0.988989 -0.147986 0.000001
vn 0.800106 -0.147985 0.581319
vn 0.988989 -0.147986 0.000001
vn 0.887575 -0.460663 0.000000
vn 0.718062 -0.460661 0.521707
vn 0.800106 -0.147985 0.581319
vn -0.808138 -0.046916 0.587122
vn -0.998899 -0.046916 -0.000001
vn -0.999202 0.039944 -0.000001
vn -0.808383 0.039944 0.587300
vn 0.308680 0.039944 0.950327
vn 0.308587 -0.046916 0.950039
vn -0.308690 -0.046916 0.950005
vn -0.308784 0.039944 0.950293
vn -0.308784 0.039944 0.950293
vn -0.308690 -0.046916 0.950005
vn -0.808138 -0.046916 0.587122
vn -0.808383 0.039944 0.587300
vn 0.274195 -0.460660 0.844162
vn -0.274288 -0.460661 0.844131
vn -0.305628 -0.147985 0.940581
vn 0.305525 -0.147985 0.940614
vn -0.308690 -0.046916 0.950005
vn 0.308587 -0.046916 0.950039
vn 0.305525 -0.147985 0.940614
vn -0.305628 -0.147985 0.940581
vn -0.998899 -0.046916 -0.000001
vn -0.808138 -0.046916 0.587122
vn -0.800121 -0.147985 0.581297
vn -0.988990 -0.147985 -0.000001
vn -0.808138 -0.046916 0.587122
vn -0.308690 -0.046916 0.950005
vn -0.305628 -0.147985 0.940581
vn -0.800121 -0.147985 0.581297
vn -0.274288 -0.460661 0.844131
vn -0.718075 -0.460661 0.521690
vn -0.800121 -0.147985 0.581297
vn -0.305628 -0.147985 0.940581
vn -0.718074 -0.460661 -0.521691
vn -0.274286 -0.460661 -0.844132
vn -0.305626 -0.147985 -0.940581
vn -0.800120 -0.147985 -0.581299
vn -0.808137 -0.046916 -0.587123
vn -0.308688 -0.046916 -0.950005
vn -0.308782 0.039944 -0.950294
vn -0.808382 0.039944 -0.587301
vn -0.999202 0.039944 -0.000001
vn -0.998899 -0.046916 -0.000001
vn -0.808137 -0.046916 -0.587123
vn -0.808382 0.039944 -0.587301
vn -0.308688 -0.046916 -0.950005
vn -0.808137 -0.046916 -0.587123
vn -0.800120 -0.147985 -0.581299
vn -0.305626 -0.147985 -0.940581
vn -0.808137 -0.046916 -0.587123
vn -0.998899 -0.046916 -0.000001
vn -0.988990 -0.147985 -0.000001
vn -0.800120 -0.147985 -0.581299
vn -0.887576 -0.460661 -0.000000
vn -0.718074 -0.460661 -0.521691
vn -0.800120 -0.147985 -0.581299
vn -0.988990 -0.147985 -0.000001
vn 0.808123 -0.046916 -0.587142
vn 0.998899 -0.046917 0.000001
vn 0.999202 0.039944 0.000001
vn 0.808369 0.039944 -0.587320
vn -0.308782 0.039944 -0.950294
vn -0.308688 -0.046916 -0.950005
vn 0.308588 -0.046916 -0.950038
vn 0.308681 0.039944 -0.950326
vn 0.308681 0.039944 -0.950326
vn 0.308588 -0.046916 -0.950038
vn 0.808123 -0.046916 -0.587142
vn 0.808369 0.039944 -0.587320
vn -0.274286 -0.460661 -0.844132
vn 0.274196 -0.460660 -0.844161
vn 0.305527 -0.147985 -0.940614
vn -0.305626 -0.147985 -0.940581
vn 0.308588 -0.046916 -0.950038
vn -0.308688 -0.046916 -0.950005
vn -0.305626 -0.147985 -0.940581
vn 0.305527 -0.147985 -0.940614
vn 0.988989 -0.147986 0.000001
vn 0.998899 -0.046917 0.000001
vn 0.808123 -0.046916 -0.587142
vn 0.800107 -0.147985 -0.581317
vn 0.808123 -0.046916 -0.587142
vn 0.308588 -0.046916 -0.950038
vn 0.305527 -0.147985 -0.940614
vn 0.800107 -0.147985 -0.581317
vn 0.274196 -0.460660 -0.844161
vn 0.718063 -0.460661 -0.521706
vn 0.800107 -0.147985 -0.581317
vn 0.305527 -0.147985 -0.940614
vn -0.800682 -0.143273 0.581705
vn -0.989683 -0.143273 -0.000001
vn -0.886423 -0.462876 -0.000001
vn -0.717142 -0.462876 0.521012
vn -0.687066 -0.726595 -0.000001
vn -0.555856 -0.726595 0.403836
vn -0.717142 -0.462876 0.521012
vn -0.886423 -0.462876 -0.000001
vn 0.212252 -0.726596 0.653458
vn 0.555846 -0.726595 0.403850
vn 0.717127 -0.462875 0.521033
vn 0.273840 -0.462877 0.843064
vn 0.507495 -0.778778 0.368718
vn 0.193788 -0.778777 0.596617
vn 0.274195 -0.460660 0.844162
vn 0.718062 -0.460661 0.521707
vn 0.887575 -0.460663 0.000000
vn 0.627297 -0.778780 0.000001
vn 0.507495 -0.778778 0.368718
vn 0.718062 -0.460661 0.521707
vn 0.555846 -0.726595 0.403850
vn 0.687068 -0.726593 0.000001
vn 0.886426 -0.462871 0.000001
vn 0.717127 -0.462875 0.521033
vn 0.627297 -0.778780 0.000001
vn 0.687068 -0.726593 0.000001
vn 0.555846 -0.726595 0.403850
vn 0.507495 -0.778778 0.368718
vn 0.212252 -0.726596 0.653458
vn 0.193788 -0.778777 0.596617
vn 0.507495 -0.778778 0.368718
vn 0.555846 -0.726595 0.403850
vn -0.212324 -0.726595 0.653436
vn 0.212252 -0.726596 0.653458
vn 0.273840 -0.462877 0.843064
vn -0.273932 -0.462875 0.843035
vn -0.193854 -0.778778 0.596594
vn -0.274288 -0.460661 0.844131
vn 0.274195 -0.460660 0.844162
vn 0.193788 -0.778777 0.596617
vn -0.212324 -0.726595 0.653436
vn -0.193854 -0.778778 0.596594
vn 0.193788 -0.778777 0.596617
vn 0.212252 -0.726596 0.653458
vn -0.627300 -0.778778 -0.000001
vn -0.887576 -0.460661 -0.000000
vn -0.718075 -0.460661 0.521690
vn -0.507504 -0.778778 0.368707
vn -0.718075 -0.460661 0.521690
vn -0.274288 -0.460661 0.844131
vn -0.193854 -0.778778 0.596594
vn -0.507504 -0.778778 0.368707
vn -0.555856 -0.726595 0.403836
vn -0.212324 -0.726595 0.653436
vn -0.273932 -0.462875 0.843035
vn -0.717142 -0.462876 0.521012
vn -0.555856 -0.726595 0.403836
vn -0.507504 -0.778778 0.368707
vn -0.193854 -0.778778 0.596594
vn -0.212324 -0.726595 0.653436
vn -0.687066 -0.726595 -0.000001
vn -0.627300 -0.778778 -0.000001
vn -0.507504 -0.778778 0.368707
vn -0.555856 -0.726595 0.403836
vn 0.800665 -0.143273 0.581729
vn 0.305741 -0.143274 0.941273
vn 0.273840 -0.462877 0.843064
vn 0.717127 -0.462875 0.521033
vn 0.989683 -0.143272 0.000001
vn 0.800665 -0.143273 0.581729
vn 0.717127 -0.462875 0.521033
vn 0.886426 -0.462871 0.000001
vn 0.273840 -0.462877 0.843064
vn 0.305741 -0.143274 0.941273
vn -0.305843 -0.143273 0.941240
vn -0.273932 -0.462875 0.843035
vn -0.273932 -0.462875 0.843035
vn -0.305843 -0.143273 0.941240
vn -0.800682 -0.143273 0.581705
vn -0.717142 -0.462876 0.521012
vn 0.886426 -0.462871 0.000001
vn 0.687068 -0.726593 0.000001
vn 0.555847 -0.726595 -0.403849
vn 0.717128 -0.462875 -0.521031
vn -0.212323 -0.726595 -0.653436
vn -0.555855 -0.726595 -0.403837
vn -0.717141 -0.462876 -0.521013
vn -0.273930 -0.462875 -0.843035
vn -0.274286 -0.460661 -0.844132
vn -0.718074 -0.460661 -0.521691
vn -0.507503 -0.778778 -0.368708
vn -0.193853 -0.778778 -0.596595
vn -0.718074 -0.460661 -0.521691
vn -0.887576 -0.460661 -0.000000
vn -0.627300 -0.778778 -0.000001
vn -0.507503 -0.778778 -0.368708
vn -0.555855 -0.726595 -0.403837
vn -0.687066 -0.726595 -0.000001
vn -0.886423 -0.462876 -0.000001
vn -0.717141 -0.462876 -0.521013
vn -0.627300 -0.778778 -0.000001
vn -0.687066 -0.726595 -0.000001
vn -0.555855 -0.726595 -0.403837
vn -0.507503 -0.778778 -0.368708
vn -0.212323 -0.726595 -0.653436
vn -0.193853 -0.778778 -0.596595
vn -0.507503 -0.778778 -0.368708
vn -0.555855 -0.726595 -0.403837
vn 0.212253 -0.726596 -0.653457
vn -0.212323 -0.726595 -0.653436
vn -0.273930 -0.462875 -0.843035
vn 0.273842 -0.462877 -0.843063
vn 0.274196 -0.460660 -0.844161
vn -0.274286 -0.460661 -0.844132
vn -0.193853 -0.778778 -0.596595
vn 0.193789 -0.778777 -0.596617
vn -0.193853 -0.778778 -0.596595
vn -0.212323 -0.726595 -0.653436
vn 0.212253 -0.726596 -0.653457
vn 0.193789 -0.778777 -0.596617
vn 0.627297 -0.778780 0.000001
vn 0.887575 -0.460663 0.000000
vn 0.718063 -0.460661 -0.521706
vn 0.507496 -0.778778 -0.368717
vn 0.718063 -0.460661 -0.521706
vn 0.274196 -0.460660 -0.844161
vn 0.193789 -0.778777 -0.596617
vn 0.507496 -0.778778 -0.368717
vn 0.555847 -0.726595 -0.403849
vn 0.212253 -0.726596 -0.653457
vn 0.273842 -0.462877 -0.843063
vn 0.717128 -0.462875 -0.521031
vn 0.507496 -0.778778 -0.368717
vn 0.193789 -0.778777 -0.596617
vn 0.212253 -0.726596 -0.653457
vn 0.555847 -0.726595 -0.403849
vn 0.687068 -0.726593 0.000001
vn 0.627297 -0.778780 0.000001
vn 0.507496 -0.778778 -0.368717
vn 0.555847 -0.726595 -0.403849
vn -0.800681 -0.143273 -0.581707
vn -0.305841 -0.143273 -0.941241
vn -0.273930 -0.462875 -0.843035
vn -0.717141 -0.462876 -0.521013
vn -0.886423 -0.462876 -0.000001
vn -0.989683 -0.143273 -0.000001
vn -0.800681 -0.143273 -0.581707
vn -0.717141 -0.462876 -0.521013
vn -0.273930 -0.462875 -0.843035
vn -0.305841 -0.143273 -0.941241
vn 0.305743 -0.143274 -0.941273
vn 0.273842 -0.462877 -0.843063
vn 0.273842 -0.462877 -0.843063
vn 0.305743 -0.143274 -0.941273
vn 0.800666 -0.143273 -0.581727
vn 0.717128 -0.462875 -0.521031
vn -0.978397 -0.206737 -0.000001
vn -0.791538 -0.206737 0.575089
vn -0.797472 -0.168313 0.579404
vn -0.985734 -0.168313 -0.000001
vn 0.304355 0.171434 0.937005
vn 0.797035 0.171434 0.579091
vn 0.790169 0.214584 0.574097
vn 0.301729 0.214584 0.928931
vn 0.797035 0.171434 0.579091
vn 0.985196 0.171434 0.000001
vn 0.976706 0.214583 0.000001
vn 0.790169 0.214584 0.574097
vn 0.989683 -0.143272 0.000001
vn 0.985196 0.171434 0.000001
vn 0.797035 0.171434 0.579091
vn 0.800665 -0.143273 0.581729
vn 0.304355 0.171434 0.937005
vn 0.305741 -0.143274 0.941273
vn 0.800665 -0.143273 0.581729
vn 0.797035 0.171434 0.579091
vn -0.985196 0.171434 -0.000001
vn -0.797051 0.171434 0.579068
vn -0.790183 0.214584 0.574077
vn -0.976706 0.214584 -0.000001
vn -0.304456 0.171434 0.936972
vn 0.304355 0.171434 0.937005
vn 0.301729 0.214584 0.928931
vn -0.301831 0.214584 0.928898
vn -0.305843 -0.143273 0.941240
vn 0.305741 -0.143274 0.941273
vn 0.304355 0.171434 0.937005
vn -0.304456 0.171434 0.936972
vn -0.797051 0.171434 0.579068
vn -0.304456 0.171434 0.936972
vn -0.301831 0.214584 0.928898
vn -0.790183 0.214584 0.574077
vn -0.800682 -0.143273 0.581705
vn -0.305843 -0.143273 0.941240
vn -0.304456 0.171434 0.936972
vn -0.797051 0.171434 0.579068
vn -0.985196 0.171434 -0.000001
vn -0.989683 -0.143273 -0.000001
vn -0.800682 -0.143273 0.581705
vn -0.797051 0.171434 0.579068
vn -0.304454 0.171434 -0.936973
vn -0.797050 0.171434 -0.579069
vn -0.790182 0.214584 -0.574079
vn -0.301830 0.214584 -0.928899
vn -0.797050 0.171434 -0.579069
vn -0.985196 0.171434 -0.000001
vn -0.976706 0.214584 -0.000001
vn -0.790182 0.214584 -0.574079
vn -0.800681 -0.143273 -0.581707
vn -0.989683 -0.143273 -0.000001
vn -0.985196 0.171434 -0.000001
vn -0.797050 0.171434 -0.579069
vn -0.304454 0.171434 -0.936973
vn -0.305841 -0.143273 -0.941241
vn -0.800681 -0.143273 -0.581707
vn -0.797050 0.171434 -0.579069
vn 0.985196 0.171434 0.000001
vn 0.797036 0.171434 -0.579090
vn 0.790170 0.214584 -0.574095
vn 0.976706 0.214583 0.000001
vn 0.304356 0.171434 -0.937005
vn -0.304454 0.171434 -0.936973
vn -0.301830 0.214584 -0.928899
vn 0.301731 0.214584 -0.928931
vn 0.305743 -0.143274 -0.941273
vn -0.305841 -0.143273 -0.941241
vn -0.304454 0.171434 -0.936973
vn 0.304356 0.171434 -0.937005
vn 0.797036 0.171434 -0.579090
vn 0.304356 0.171434 -0.937005
vn 0.301731 0.214584 -0.928931
vn 0.790170 0.214584 -0.574095
vn 0.800666 -0.143273 -0.581727
vn 0.305743 -0.143274 -0.941273
vn 0.304356 0.171434 -0.937005
vn 0.797036 0.171434 -0.579090
vn 0.985196 0.171434 0.000001
vn 0.989683 -0.143272 0.000001
vn 0.800666 -0.143273 -0.581727
vn 0.797036 0.171434 -0.579090
vn 0.978397 -0.206737 0.000001
vn 0.791551 -0.206737 -0.575071
vn 0.797487 -0.168313 -0.579384
vn 0.985734 -0.168313 0.000001
vn 0.163734 0.979308 -0.118944
vn 0.202383 0.979307 -0.000002
vn -0.976706 0.214584 -0.000001
vn -0.790183 0.214584 0.574077
vn -0.163725 0.979308 -0.118954
vn -0.062526 0.979308 -0.192474
vn 0.301729 0.214584 0.928931
vn 0.790169 0.214584 0.574097
vn 0.976706 0.214583 0.000001
vn -0.202362 0.979311 -0.000001
vn -0.163725 0.979308 -0.118954
vn 0.790169 0.214584 0.574097
vn -0.062526 0.979308 -0.192474
vn 0.062542 0.979310 -0.192458
vn -0.301831 0.214584 0.928898
vn 0.301729 0.214584 0.928931
vn 0.062542 0.979310 -0.192458
vn 0.163734 0.979308 -0.118944
vn -0.790183 0.214584 0.574077
vn -0.301831 0.214584 0.928898
vn -0.302251 -0.206737 -0.930540
vn -0.791537 -0.206737 -0.575090
vn -0.797471 -0.168313 -0.579405
vn -0.304520 -0.168313 -0.937517
vn -0.791537 -0.206737 -0.575090
vn -0.302251 -0.206737 -0.930540
vn -0.062526 0.979308 -0.192474
vn -0.163725 0.979308 -0.118954
vn -0.202362 0.979311 -0.000001
vn -0.978397 -0.206737 -0.000001
vn -0.791537 -0.206737 -0.575090
vn -0.163725 0.979308 -0.118954
vn -0.791537 -0.206737 -0.575090
vn -0.978397 -0.206737 -0.000001
vn -0.985734 -0.168313 -0.000001
vn -0.797471 -0.168313 -0.579405
vn 0.302354 -0.206737 -0.930506
vn -0.302251 -0.206737 -0.930540
vn -0.304520 -0.168313 -0.937517
vn 0.304622 -0.168313 -0.937484
vn 0.302354 -0.206737 -0.930506
vn 0.062542 0.979310 -0.192458
vn -0.062526 0.979308 -0.192474
vn -0.302251 -0.206737 -0.930540
vn 0.978397 -0.206737 0.000001
vn 0.202383 0.979307 -0.000002
vn 0.163734 0.979308 -0.118944
vn 0.791551 -0.206737 -0.575071
vn 0.163734 0.979308 -0.118944
vn 0.062542 0.979310 -0.192458
vn 0.302354 -0.206737 -0.930506
vn 0.791551 -0.206737 -0.575071
vn 0.791551 -0.206737 -0.575071
vn 0.302354 -0.206737 -0.930506
vn 0.304622 -0.168313 -0.937484
vn 0.797487 -0.168313 -0.579384
vn -0.202362 0.979311 -0.000001
vn 0.976706 0.214583 0.000001
vn 0.790170 0.214584 -0.574095
vn -0.163725 0.979306 0.118968
vn 0.163734 0.979308 0.118939
vn 0.062543 0.979309 0.192461
vn -0.301830 0.214584 -0.928899
vn -0.790182 0.214584 -0.574079
vn -0.976706 0.214584 -0.000001
vn 0.202383 0.979307 -0.000002
vn 0.163734 0.979308 0.118939
vn -0.790182 0.214584 -0.574079
vn -0.301830 0.214584 -0.928899
vn 0.062543 0.979309 0.192461
vn -0.062527 0.979304 0.192495
vn 0.301731 0.214584 -0.928931
vn 0.301731 0.214584 -0.928931
vn -0.062527 0.979304 0.192495
vn -0.163725 0.979306 0.118968
vn 0.790170 0.214584 -0.574095
vn 0.302352 -0.206737 0.930507
vn 0.791550 -0.206737 0.575073
vn 0.797486 -0.168313 0.579385
vn 0.304620 -0.168313 0.937485
vn 0.302352 -0.206737 0.930507
vn 0.062543 0.979309 0.192461
vn 0.163734 0.979308 0.118939
vn 0.791550 -0.206737 0.575073
vn 0.163734 0.979308 0.118939
vn 0.202383 0.979307 -0.000002
vn 0.978397 -0.206737 0.000001
vn 0.791550 -0.206737 0.575073
vn 0.791550 -0.206737 0.575073
vn 0.978397 -0.206737 0.000001
vn 0.985734 -0.168313 0.000001
vn 0.797486 -0.168313 0.579385
vn -0.302253 -0.206737 0.930539
vn 0.302352 -0.206737 0.930507
vn 0.304620 -0.168313 0.937485
vn -0.304521 -0.168313 0.937517
vn -0.302253 -0.206737 0.930539
vn -0.062527 0.979304 0.192495
vn 0.062543 0.979309 0.192461
vn 0.302352 -0.206737 0.930507
vn -0.978397 -0.206737 -0.000001
vn -0.202362 0.979311 -0.000001
vn -0.163725 0.979306 0.118968
vn -0.791538 -0.206737 0.575089
vn -0.163725 0.979306 0.118968
vn -0.062527 0.979304 0.192495
vn -0.302253 -0.206737 0.930539
vn -0.791538 -0.206737 0.575089
vn -0.791538 -0.206737 0.575089
vn -0.302253 -0.206737 0.930539
vn -0.304521 -0.168313 0.937517
vn -0.797472 -0.168313 0.579404
vn -0.304520 -0.168313 -0.937517
vn -0.797471 -0.168313 -0.579405
vn -0.808081 0.047929 -0.587118
vn -0.308574 0.047930 -0.949992
vn -0.797471 -0.168313 -0.579405
vn -0.985734 -0.168313 -0.000001
vn -0.998851 0.047926 -0.000001
vn -0.808081 0.047929 -0.587118
vn 0.985734 -0.168313 0.000001
vn 0.797487 -0.168313 -0.579384
vn 0.808099 0.047928 -0.587094
vn 0.998851 0.047928 0.000001
vn 0.304622 -0.168313 -0.937484
vn -0.304520 -0.168313 -0.937517
vn -0.308574 0.047930 -0.949992
vn 0.308676 0.047928 -0.949959
vn 0.797487 -0.168313 -0.579384
vn 0.304622 -0.168313 -0.937484
vn 0.308676 0.047928 -0.949959
vn 0.808099 0.047928 -0.587094
vn 0.304620 -0.168313 0.937485
vn 0.797486 -0.168313 0.579385
vn 0.808098 0.047928 0.587095
vn 0.308674 0.047928 0.949960
vn 0.797486 -0.168313 0.579385
vn 0.985734 -0.168313 0.000001
vn 0.998851 0.047928 0.000001
vn 0.808098 0.047928 0.587095
vn -0.998851 0.047926 -0.000001
vn -0.985734 -0.168313 -0.000001
vn -0.797472 -0.168313 0.579404
vn -0.808082 0.047929 0.587117
vn -0.304521 -0.168313 0.937517
vn 0.304620 -0.168313 0.937485
vn 0.308674 0.047928 0.949960
vn -0.308575 0.047930 0.949992
vn -0.797472 -0.168313 0.579404
vn -0.304521 -0.168313 0.937517
vn -0.308575 0.047930 0.949992
vn -0.808082 0.047929 0.587117
vn -0.239909 0.630002 -0.738607
vn -0.628276 0.630001 -0.456474
vn -0.408991 0.862803 -0.297150
vn -0.156171 0.862804 -0.480812
vn -0.628276 0.630001 -0.456474
vn -0.776597 0.629997 -0.000001
vn -0.505547 0.862799 -0.000001
vn -0.408991 0.862803 -0.297150
vn 0.239991 0.630000 -0.738582
vn -0.239909 0.630002 -0.738607
vn -0.156171 0.862804 -0.480812
vn 0.156228 0.862801 -0.480798
vn 0.776595 0.630000 0.000001
vn 0.628287 0.630001 -0.456458
vn 0.408999 0.862801 -0.297143
vn 0.505543 0.862801 -0.000000
vn 0.628287 0.630001 -0.456458
vn 0.239991 0.630000 -0.738582
vn 0.156228 0.862801 -0.480798
vn 0.408999 0.862801 -0.297143
vn -0.156171 0.862804 -0.480812
vn -0.408991 0.862803 -0.297150
vn -0.000000 1.000000 -0.000000
vn -0.408991 0.862803 -0.297150
vn -0.505547 0.862799 -0.000001
vn -0.000000 1.000000 -0.000000
vn 0.156228 0.862801 -0.480798
vn -0.156171 0.862804 -0.480812
vn -0.000000 1.000000 -0.000000
vn 0.505543 0.862801 -0.000000
vn 0.408999 0.862801 -0.297143
vn -0.000000 1.000000 -0.000000
vn 0.408999 0.862801 -0.297143
vn 0.156228 0.862801 -0.480798
vn -0.000000 1.000000 -0.000000
vn 0.239990 0.630000 0.738583
vn 0.628287 0.630001 0.456459
vn 0.408998 0.862802 0.297143
vn 0.156228 0.862802 0.480798
vn 0.628287 0.630001 0.456459
vn 0.776595 0.630000 0.000001
vn 0.505543 0.862801 -0.000000
vn 0.408998 0.862802 0.297143
vn -0.239910 0.630002 0.738607
vn 0.239990 0.630000 0.738583
vn 0.156228 0.862802 0.480798
vn -0.156172 0.862804 0.480812
vn -0.505547 0.862799 -0.000001
vn -0.776597 0.629997 -0.000001
vn -0.628277 0.630001 0.456473
vn -0.408991 0.862803 0.297149
vn -0.628277 0.630001 0.456473
vn -0.239910 0.630002 0.738607
vn -0.156172 0.862804 0.480812
vn -0.408991 0.862803 0.297149
vn 0.156228 0.862802 0.480798
vn 0.408998 0.862802 0.297143
vn -0.000000 1.000000 -0.000000
vn 0.408998 0.862802 0.297143
vn 0.505543 0.862801 -0.000000
vn -0.000000 1.000000 -0.000000
vn -0.156172 0.862804 0.480812
vn 0.156228 0.862802 0.480798
vn -0.000000 1.000000 -0.000000
vn -0.505547 0.862799 -0.000001
vn -0.408991 0.862803 0.297149
vn -0.000000 1.000000 -0.000000
vn -0.408991 0.862803 0.297149
vn -0.156172 0.862804 0.480812
vn -0.000000 1.000000 -0.000000
vn 0.101927 -0.992032 0.074054
vn 0.038920 -0.992032 0.119824
vn 0.000000 -1.000000 0.000000
vn 0.125997 -0.992031 0.000000
vn 0.101927 -0.992032 0.074054
vn 0.000000 -1.000000 0.000000
vn -0.101931 -0.992031 0.074054
vn -0.125992 -0.992031 -0.000000
vn 0.000000 -1.000000 0.000000
vn 0.038920 -0.992032 0.119824
vn -0.038935 -0.992031 0.119824
vn 0.000000 -1.000000 0.000000
vn -0.038935 -0.992031 0.119824
vn -0.101931 -0.992031 0.074054
vn 0.000000 -1.000000 0.000000
vn -0.101930 -0.992031 -0.074054
vn -0.038935 -0.992031 -0.119824
vn 0.000000 -1.000000 0.000000
vn -0.125992 -0.992031 -0.000000
vn -0.101930 -0.992031 -0.074054
vn 0.000000 -1.000000 0.000000
vn 0.101927 -0.992032 -0.074054
vn 0.125997 -0.992031 0.000000
vn 0.000000 -1.000000 0.000000
vn -0.038935 -0.992031 -0.119824
vn 0.038920 -0.992032 -0.119824
vn 0.000000 -1.000000 0.000000
vn 0.038920 -0.992032 -0.119824
vn 0.101927 -0.992032 -0.074054
vn 0.000000 -1.000000 0.000000
vn 0.998851 0.047928 0.000001
vn 0.808099 0.047928 -0.587094
vn 0.628287 0.630001 -0.456458
vn 0.776595 0.630000 0.000001
vn 0.808099 0.047928 -0.587094
vn 0.308676 0.047928 -0.949959
vn 0.239991 0.630000 -0.738582
vn 0.628287 0.630001 -0.456458
vn 0.308676 0.047928 -0.949959
vn -0.308574 0.047930 -0.949992
vn -0.239909 0.630002 -0.738607
vn 0.239991 0.630000 -0.738582
vn -0.308574 0.047930 -0.949992
vn -0.808081 0.047929 -0.587118
vn -0.628276 0.630001 -0.456474
vn -0.239909 0.630002 -0.738607
vn -0.808081 0.047929 -0.587118
vn -0.998851 0.047926 -0.000001
vn -0.776597 0.629997 -0.000001
vn -0.628276 0.630001 -0.456474
vn -0.628277 0.630001 0.456473
vn -0.776597 0.629997 -0.000001
vn -0.998851 0.047926 -0.000001
vn -0.808082 0.047929 0.587117
vn -0.808082 0.047929 0.587117
vn -0.308575 0.047930 0.949992
vn -0.239910 0.630002 0.738607
vn -0.628277 0.630001 0.456473
vn -0.308575 0.047930 0.949992
vn 0.308674 0.047928 0.949960
vn 0.239990 0.630000 0.738583
vn -0.239910 0.630002 0.738607
vn 0.308674 0.047928 0.949960
vn 0.808098 0.047928 0.587095
vn 0.628287 0.630001 0.456459
vn 0.239990 0.630000 0.738583
vn 0.808098 0.047928 0.587095
vn 0.998851 0.047928 0.000001
vn 0.776595 0.630000 0.000001
vn 0.628287 0.630001 0.456459
s off
g Glasses
usemtl GlassesSG
f 50/1/1 51/2/2 3/3/3 4/4/4
f 52/5/5 53/6/6 1/7/7 2/8/8
f 51/2/9 52/5/10 2/8/11 3/3/12
f 54/9/13 55/10/14 6/11/15 7/12/16
f 56/13/17 50/1/18 4/4/19 5/14/20
f 55/10/21 56/13/22 5/14/23 6/11/24
f 57/257/25 58/16/26 9/17/27 10/18/28
f 59/19/29 54/9/30 7/12/31 8/20/32
f 58/16/33 59/19/34 8/20/35 9/17/36
f 1/7/37 53/6/38 60/21/39 12/22/40
f 61/23/41 57/15/42 10/265/43 11/24/44
f 60/21/45 61/23/46 11/24/47 12/22/48
f 17/25/49 19/26/50 276/27/51 275/28/52
f 14/29/53 16/30/54 267/31/55 278/32/56
f 16/30/57 14/29/58 4/4/59 3/3/60
f 13/33/61 15/34/62 2/8/63 1/7/64
f 2/8/65 15/34/66 16/30/67 3/3/68
f 15/34/69 13/33/70 269/35/71 268/36/72
f 16/30/73 15/34/74 268/36/75 267/31/76
f 19/26/77 17/25/78 7/12/79 6/11/80
f 4/4/81 14/29/82 18/37/83 5/14/84
f 5/14/85 18/37/86 19/26/87 6/11/88
f 18/37/89 14/29/90 278/32/91 277/38/92
f 19/26/93 18/37/94 277/38/95 276/27/96
f 267/31/97 23/39/98 22/40/99 278/32/100
f 20/41/101 21/42/102 268/36/103 269/35/104
f 268/36/105 21/42/106 23/39/107 267/31/108
f 276/27/109 26/43/110 25/44/111 275/28/112
f 278/32/113 22/40/114 24/45/115 277/38/116
f 277/38/117 24/45/118 26/43/119 276/27/120
f 269/35/121 13/33/122 31/46/123 270/47/124
f 27/264/125 29/49/126 273/50/127 272/51/128
f 29/49/129 27/264/130 10/18/131 9/17/132
f 7/12/133 17/25/134 28/52/135 8/20/136
f 8/20/137 28/52/138 29/49/139 9/17/140
f 28/52/141 17/25/142 275/28/143 274/53/144
f 29/49/145 28/52/146 274/53/147 273/50/148
f 31/46/149 13/33/150 1/7/151 12/22/152
f 10/265/153 27/48/154 30/54/155 11/24/156
f 11/24/157 30/54/158 31/46/159 12/22/160
f 30/54/161 27/48/162 272/263/163 271/55/164
f 31/46/165 30/54/166 271/55/167 270/47/168
f 273/50/169 34/56/170 33/57/171 272/51/172
f 275/28/173 25/44/174 32/58/175 274/53/176
f 274/53/177 32/58/178 34/56/179 273/50/180
f 270/47/181 36/59/182 20/41/183 269/35/184
f 272/263/185 33/345/186 35/60/187 271/55/188
f 271/55/189 35/60/190 36/59/191 270/47/192
f 48/281/193 40/286/194 20/287/195 36/282/196
f 35/279/197 47/280/198 48/281/199 36/282/200
f 33/283/201 44/284/202 47/280/203 35/279/204
f 46/288/205 44/284/206 33/283/207 34/289/208
f 32/292/209 45/293/210 46/288/211 34/289/212
f 25/296/213 37/297/214 45/293/215 32/292/216
f 43/300/217 37/297/218 25/296/219 26/301/220
f 24/303/221 42/302/222 43/300/223 26/301/224
f 22/299/225 38/298/226 42/302/227 24/303/228
f 41/294/229 38/298/230 22/299/231 23/295/232
f 21/291/233 39/290/234 41/294/235 23/295/236
f 40/286/237 39/290/238 21/291/239 20/287/240
f 37/297/241 49/285/242 45/293/243
f 39/290/244 40/286/245 49/285/246
f 49/285/247 40/286/248 48/281/249
f 49/285/250 48/281/251 47/280/252
f 49/285/253 47/280/254 44/284/255
f 49/285/256 44/284/257 46/288/258
f 49/285/259 46/288/260 45/293/261
f 43/300/262 49/285/263 37/297/264
f 42/302/265 49/285/266 43/300/267
f 38/298/268 49/285/269 42/302/270
f 41/294/271 49/285/272 38/298/273
f 39/290/274 49/285/275 41/294/276
f 204/61/277 62/62/278 150/63/279 205/64/280
f 109/65/281 63/66/282 81/67/283 110/68/284
f 88/69/285 64/70/286 90/71/287 89/72/288
f 78/73/289 66/74/290 74/75/291 76/76/292
f 73/77/293 67/78/294 69/79/295 71/80/296
f 65/81/297 72/82/298 70/83/299 68/84/300
f 70/83/301 72/82/302 73/77/303 71/80/304
f 69/79/305 67/78/306 77/85/307 75/86/308
f 75/86/309 77/85/310 78/73/311 76/76/312
f 83/87/313 79/88/314 85/89/315 84/90/316
f 289/348/317 290/349/318 84/350/319 85/351/320
f 279/354/321 280/360/322 81/361/323 82/355/324
f 84/350/325 290/349/326 279/354/327 82/355/328
f 81/67/329 63/66/330 80/92/331 82/91/332
f 80/92/333 83/87/334 84/90/335 82/91/336
f 286/368/337 287/363/338 89/362/339 90/369/340
f 288/356/341 289/348/342 85/351/343 87/357/344
f 89/362/345 287/363/346 288/356/347 87/357/348
f 79/88/349 86/94/350 87/93/351 85/89/352
f 86/94/353 88/69/354 89/72/355 87/93/356
f 100/95/357 65/81/358 68/84/359 98/96/360
f 96/97/361 91/98/362 92/346/363 94/100/364
f 74/75/365 66/74/366 95/101/367 93/102/368
f 93/102/369 95/101/370 96/97/371 94/100/372
f 92/99/373 91/253/374 99/103/375 97/104/376
f 97/104/377 99/103/378 100/95/379 98/96/380
f 104/105/381 101/106/382 106/347/383 105/108/384
f 283/378/385 284/381/386 105/380/387 106/379/388
f 285/374/389 286/368/390 90/369/391 103/375/392
f 105/380/393 284/381/394 285/374/395 103/375/396
f 64/70/397 102/110/398 103/109/399 90/71/400
f 102/110/401 104/105/402 105/108/403 103/109/404
f 81/361/405 280/360/406 281/366/407 110/367/408
f 282/372/409 283/378/410 106/379/411 108/373/412
f 110/367/413 281/366/414 282/372/415 108/373/416
f 101/344/417 107/112/418 108/111/419 106/107/420
f 107/112/421 109/65/422 110/68/423 108/111/424
f 163/113/425 111/114/426 165/115/427 164/116/428
f 137/117/429 113/118/430 139/119/431 138/120/432
f 126/121/433 114/122/434 128/123/435 127/124/436
f 120/125/437 116/126/438 122/127/439 121/128/440
f 118/129/441 115/130/442 117/131/443 119/132/444
f 63/66/445 118/129/446 119/132/447 80/92/448
f 117/131/449 120/125/450 121/128/451 119/132/452
f 121/128/453 83/87/454 80/92/455 119/132/456
f 122/127/457 79/88/458 83/87/459 121/128/460
f 124/133/461 112/134/462 123/135/463 125/136/464
f 115/130/465 124/133/466 125/136/467 117/131/468
f 123/135/469 126/121/470 127/124/471 125/136/472
f 127/124/473 120/125/474 117/131/475 125/136/476
f 128/123/477 116/126/478 120/125/479 127/124/480
f 129/137/481 134/138/482 133/139/483 132/140/484
f 122/127/485 116/126/486 130/141/487 131/142/488
f 86/94/489 79/88/490 122/127/491 131/142/492
f 131/142/493 130/141/494 132/140/495 133/139/496
f 88/69/497 86/94/498 131/142/499 133/139/500
f 134/138/501 64/70/502 88/69/503 133/139/504
f 114/122/505 135/143/506 136/144/507 128/123/508
f 136/144/509 130/141/510 116/126/511 128/123/512
f 135/143/513 137/117/514 138/120/515 136/144/516
f 138/120/517 132/140/518 130/141/519 136/144/520
f 139/119/521 129/137/522 132/140/523 138/120/524
f 152/145/525 140/146/526 154/147/527 153/148/528
f 146/149/529 142/150/530 148/151/531 147/152/532
f 144/153/533 141/154/534 143/155/535 145/156/536
f 112/134/537 144/153/538 145/156/539 123/135/540
f 143/155/541 146/149/542 147/152/543 145/156/544
f 147/152/545 126/121/546 123/135/547 145/156/548
f 148/151/549 114/122/550 126/121/551 147/152/552
f 150/63/553 62/62/554 149/157/555 151/158/556
f 258/159/557 259/160/558 150/63/559 151/158/560
f 256/161/561 257/162/562 153/148/563 154/147/564
f 257/162/565 258/159/566 151/158/567 153/148/568
f 149/157/569 152/145/570 153/148/571 151/158/572
f 155/163/573 160/164/574 159/165/575 158/166/576
f 148/151/577 142/150/578 156/167/579 157/168/580
f 135/143/581 114/122/582 148/151/583 157/168/584
f 157/168/585 156/167/586 158/166/587 159/165/588
f 137/117/589 135/143/590 157/168/591 159/165/592
f 160/164/593 113/118/594 137/117/595 159/165/596
f 140/146/597 161/169/598 162/170/599 154/147/600
f 255/171/601 256/161/602 154/147/603 162/170/604
f 265/172/605 266/173/606 164/116/607 165/115/608
f 266/173/609 255/171/610 162/170/611 164/116/612
f 161/169/613 163/113/614 164/116/615 162/170/616
f 112/134/617 124/133/618 185/174/619 184/175/620
f 175/176/621 166/177/622 177/341/623 176/179/624
f 171/180/625 170/181/626 167/342/627 172/343/628
f 134/138/629 129/137/630 168/184/631 169/185/632
f 102/110/633 64/70/634 134/138/635 169/185/636
f 169/185/637 168/184/638 170/181/639 171/180/640
f 104/105/641 102/110/642 169/185/643 171/180/644
f 101/106/645 104/105/646 171/180/647 172/343/648
f 139/119/649 113/118/650 173/186/651 174/187/652
f 129/137/653 139/119/654 174/187/655 168/184/656
f 173/186/657 175/176/658 176/179/659 174/187/660
f 176/179/661 170/181/662 168/184/663 174/187/664
f 177/341/665 167/342/666 170/181/667 176/179/668
f 115/130/669 118/129/670 181/188/671 180/189/672
f 172/183/673 167/182/674 178/190/675 179/191/676
f 107/112/677 101/344/678 172/183/679 179/191/680
f 179/191/681 178/190/682 180/189/683 181/188/684
f 109/65/685 107/112/686 179/191/687 181/188/688
f 118/129/689 63/66/690 109/65/691 181/188/692
f 177/178/693 166/340/694 182/192/695 183/193/696
f 178/190/697 167/182/698 177/178/699 183/193/700
f 183/193/701 182/192/702 184/175/703 185/174/704
f 180/189/705 178/190/706 183/193/707 185/174/708
f 124/133/709 115/130/710 180/189/711 185/174/712
f 195/194/713 186/195/714 197/261/715 196/197/716
f 187/198/717 192/262/718 191/200/719 190/201/720
f 160/164/721 155/163/722 188/202/723 189/203/724
f 173/186/725 113/118/726 160/164/727 189/203/728
f 189/203/729 188/202/730 190/201/731 191/200/732
f 175/176/733 173/186/734 189/203/735 191/200/736
f 192/262/737 166/177/738 175/176/739 191/200/740
f 111/114/741 193/204/742 194/205/743 165/115/744
f 264/206/745 265/172/746 165/115/747 194/205/748
f 262/255/749 263/208/750 196/197/751 197/261/752
f 263/208/753 264/206/754 194/205/755 196/197/756
f 193/204/757 195/194/758 196/197/759 194/205/760
f 141/154/761 144/153/762 201/209/763 200/210/764
f 192/199/765 187/254/766 198/211/767 199/212/768
f 182/192/769 166/340/770 192/199/771 199/212/772
f 199/212/773 198/211/774 200/210/775 201/209/776
f 184/175/777 182/192/778 199/212/779 201/209/780
f 144/153/781 112/134/782 184/175/783 201/209/784
f 186/260/785 202/213/786 203/214/787 197/196/788
f 261/215/789 262/207/790 197/196/791 203/214/792
f 150/63/793 259/160/794 260/216/795 205/64/796
f 260/216/797 261/215/798 203/214/799 205/64/800
f 202/213/801 204/61/802 205/64/803 203/214/804
f 224/217/805 207/218/806 226/219/807 225/220/808
f 216/221/809 208/222/810 218/223/811 217/224/812
f 212/225/813 210/226/814 140/146/815 152/145/816
f 209/227/817 211/228/818 149/157/819 62/62/820
f 149/157/821 211/228/822 212/225/823 152/145/824
f 214/229/825 206/230/826 213/231/827 215/232/828
f 209/227/829 214/229/830 215/232/831 211/228/832
f 213/231/833 216/221/834 217/224/835 215/232/836
f 217/224/837 212/225/838 211/228/839 215/232/840
f 218/223/841 210/226/842 212/225/843 217/224/844
f 221/233/845 219/234/846 111/114/847 163/113/848
f 140/146/849 210/226/850 220/235/851 161/169/852
f 161/169/853 220/235/854 221/233/855 163/113/856
f 208/222/857 222/236/858 223/237/859 218/223/860
f 223/237/861 220/235/862 210/226/863 218/223/864
f 222/236/865 224/217/866 225/220/867 223/237/868
f 225/220/869 221/233/870 220/235/871 223/237/872
f 226/219/873 219/234/874 221/233/875 225/220/876
f 244/312/877 53/313/878 52/307/879 243/306/880
f 51/304/881 254/305/882 243/306/883 52/307/884
f 50/308/885 253/309/886 254/305/887 51/304/888
f 252/314/889 253/309/890 50/308/891 56/315/892
f 251/321/893 252/314/894 56/315/895 55/322/896
f 54/327/897 250/328/898 251/321/899 55/322/900
f 206/230/901 214/229/902 241/238/903 240/239/904
f 233/240/905 227/241/906 235/258/907 234/243/908
f 230/244/909 228/259/910 186/195/911 195/194/912
f 111/114/913 219/234/914 229/246/915 193/204/916
f 193/204/917 229/246/918 230/244/919 195/194/920
f 226/219/921 207/218/922 231/247/923 232/248/924
f 219/234/925 226/219/926 232/248/927 229/246/928
f 231/247/929 233/240/930 234/243/931 232/248/932
f 234/243/933 230/244/934 229/246/935 232/248/936
f 235/258/937 228/259/938 230/244/939 234/243/940
f 237/249/941 209/227/942 62/62/943 204/61/944
f 186/260/945 228/245/946 236/250/947 202/213/948
f 202/213/949 236/250/950 237/249/951 204/61/952
f 235/242/953 227/256/954 238/251/955 239/252/956
f 236/250/957 228/245/958 235/242/959 239/252/960
f 239/252/961 238/251/962 240/239/963 241/238/964
f 237/249/965 236/250/966 239/252/967 241/238/968
f 214/229/969 209/227/970 237/249/971 241/238/972
f 249/333/973 250/328/974 54/327/975 59/334/976
f 248/336/977 249/333/978 59/334/979 58/337/980
f 57/331/981 247/330/982 248/336/983 58/337/984
f 246/324/985 247/330/986 57/331/987 61/325/988
f 245/318/989 246/324/990 61/325/991 60/319/992
f 53/313/993 244/312/994 245/318/995 60/319/996
f 71/266/997 69/267/998 242/268/999
f 68/272/1000 70/270/1001 242/268/1002
f 70/270/1003 71/266/1004 242/268/1005
f 76/271/1006 74/273/1007 242/268/1008
f 69/267/1009 75/269/1010 242/268/1011
f 75/269/1012 76/271/1013 242/268/1014
f 94/277/1015 92/278/1016 242/268/1017
f 74/273/1018 93/275/1019 242/268/1020
f 93/275/1021 94/277/1022 242/268/1023
f 98/274/1024 68/272/1025 242/268/1026
f 92/278/1027 97/276/1028 242/268/1029
f 97/276/1030 98/274/1031 242/268/1032
f 206/317/1033 244/312/1034 243/306/1035 213/311/1036
f 245/318/1037 244/312/1038 206/317/1039 240/323/1040
f 240/323/1041 238/329/1042 246/324/1043 245/318/1044
f 238/329/1045 227/335/1046 247/330/1047 246/324/1048
f 248/336/1049 247/330/1050 227/335/1051 233/339/1052
f 233/339/1053 231/338/1054 249/333/1055 248/336/1056
f 231/338/1057 207/332/1058 250/328/1059 249/333/1060
f 251/321/1061 250/328/1062 207/332/1063 224/326/1064
f 224/326/1065 222/320/1066 252/314/1067 251/321/1068
f 222/320/1069 208/316/1070 253/309/1071 252/314/1072
f 254/305/1073 253/309/1074 208/316/1075 216/310/1076
f 243/306/1077 254/305/1078 216/310/1079 213/311/1080
f 156/167/1081 142/150/1082 256/161/1083 255/171/1084
f 142/150/1085 146/149/1086 257/162/1087 256/161/1088
f 146/149/1089 143/155/1090 258/159/1091 257/162/1092
f 143/155/1093 141/154/1094 259/160/1095 258/159/1096
f 260/216/1097 259/160/1098 141/154/1099 200/210/1100
f 200/210/1101 198/211/1102 261/215/1103 260/216/1104
f 198/211/1105 187/254/1106 262/207/1107 261/215/1108
f 187/198/1109 190/201/1110 263/208/1111 262/255/1112
f 190/201/1113 188/202/1114 264/206/1115 263/208/1116
f 188/202/1117 155/163/1118 265/172/1119 264/206/1120
f 155/163/1121 158/166/1122 266/173/1123 265/172/1124
f 158/166/1125 156/167/1126 255/171/1127 266/173/1128
f 280/360/1129 279/354/1130 72/359/1131 65/365/1132
f 281/366/1133 280/360/1134 65/365/1135 100/371/1136
f 99/377/1137 282/372/1138 281/366/1139 100/371/1140
f 91/383/1141 283/378/1142 282/372/1143 99/377/1144
f 284/381/1145 283/378/1146 91/383/1147 96/382/1148
f 95/376/1149 285/374/1150 284/381/1151 96/382/1152
f 66/370/1153 286/368/1154 285/374/1155 95/376/1156
f 287/363/1157 286/368/1158 66/370/1159 78/364/1160
f 77/358/1161 288/356/1162 287/363/1163 78/364/1164
f 67/352/1165 289/348/1166 288/356/1167 77/358/1168
f 290/349/1169 289/348/1170 67/352/1171 73/353/1172
f 72/359/1173 279/354/1174 290/349/1175 73/353/1176
f 338/384/1177 291/385/1178 308/386/1179 336/387/1180
f 416/388/1181 414/389/1182 304/390/1183 302/391/1184
f 420/392/1185 418/393/1186 299/394/1187 297/395/1188
f 424/396/1189 422/397/1190 296/398/1191 298/399/1192
f 299/394/1193 418/393/1194 424/396/1195 298/399/1196
f 426/400/1197 420/392/1198 297/395/1199 303/401/1200
f 304/390/1201 414/389/1202 426/400/1203 303/401/1204
f 296/398/1205 422/397/1206 428/402/1207 326/403/1208
f 432/404/1209 430/405/1210 322/406/1211 320/407/1212
f 434/408/1213 416/388/1214 302/391/1215 321/409/1216
f 322/406/1217 430/405/1218 434/408/1219 321/409/1220
f 436/410/1221 432/411/1222 320/412/1223 325/413/1224
f 326/403/1225 428/402/1226 436/410/1227 325/413/1228
f 318/414/1229 292/415/1230 316/416/1231 315/417/1232
f 306/418/1233 294/419/1234 390/420/1235 388/421/1236
f 301/422/1237 295/423/1238 394/424/1239 392/425/1240
f 398/426/1241 395/427/1242 293/428/1243 300/429/1244
f 296/398/1245 396/430/1246 397/431/1247 298/399/1248
f 300/429/1249 301/422/1250 392/425/1251 398/426/1252
f 397/431/1253 391/432/1254 299/394/1255 298/399/1256
f 391/432/1257 393/433/1258 297/395/1259 299/394/1260
f 295/423/1261 305/434/1262 400/435/1263 394/424/1264
f 393/433/1265 399/436/1266 303/401/1267 297/395/1268
f 305/434/1269 306/418/1270 388/421/1271 400/435/1272
f 399/436/1273 387/437/1274 304/390/1275 303/401/1276
f 387/437/1277 389/438/1278 302/391/1279 304/390/1280
f 313/439/1281 307/440/1282 311/441/1283 310/442/1284
f 293/428/1285 308/386/1286 309/443/1287 300/429/1288
f 310/442/1289 301/422/1290 300/429/1291 309/443/1292
f 311/441/1293 295/423/1294 301/422/1295 310/442/1296
f 308/386/1297 291/385/1298 312/444/1299 309/443/1300
f 309/443/1301 312/444/1302 313/439/1303 310/442/1304
f 305/434/1305 295/423/1306 311/441/1307 314/445/1308
f 306/418/1309 305/434/1310 314/445/1311 315/417/1312
f 316/416/1313 294/419/1314 306/418/1315 315/417/1316
f 311/441/1317 307/440/1318 317/446/1319 314/445/1320
f 314/445/1321 317/446/1322 318/414/1323 315/417/1324
f 293/428/1325 395/427/1326 402/447/1327 328/448/1328
f 324/449/1329 319/450/1330 406/451/1331 404/452/1332
f 408/453/1333 390/420/1334 294/419/1335 323/454/1336
f 302/391/1337 389/438/1338 407/455/1339 321/409/1340
f 323/454/1341 324/449/1342 404/452/1343 408/453/1344
f 407/455/1345 403/456/1346 322/406/1347 321/409/1348
f 403/456/1349 405/457/1350 320/407/1351 322/406/1352
f 410/458/1353 406/459/1354 319/460/1355 327/461/1356
f 325/413/1357 320/412/1358 405/462/1359 409/463/1360
f 402/447/1361 410/458/1362 327/461/1363 328/448/1364
f 326/403/1365 325/413/1366 409/463/1367 401/464/1368
f 401/464/1369 396/430/1370 296/398/1371 326/403/1372
f 334/465/1373 329/466/1374 332/467/1375 331/468/1376
f 323/454/1377 294/419/1378 316/416/1379 330/469/1380
f 324/449/1381 323/454/1382 330/469/1383 331/468/1384
f 332/467/1385 319/450/1386 324/449/1387 331/468/1388
f 316/416/1389 292/415/1390 333/470/1391 330/469/1392
f 330/469/1393 333/470/1394 334/465/1395 331/468/1396
f 327/461/1397 319/460/1398 332/471/1399 335/472/1400
f 328/448/1401 327/461/1402 335/472/1403 336/387/1404
f 308/386/1405 293/428/1406 328/448/1407 336/387/1408
f 332/471/1409 329/473/1410 337/474/1411 335/472/1412
f 335/472/1413 337/474/1414 338/384/1415 336/387/1416
f 342/475/1417 341/476/1418 345/477/1419 346/478/1420
f 340/479/1421 339/480/1422 343/481/1423 344/482/1424
f 291/483/1425 339/480/1426 340/479/1427 312/484/1428
f 341/476/1429 340/479/1430 344/482/1431 345/477/1432
f 341/476/1433 313/485/1434 312/484/1435 340/479/1436
f 342/475/1437 307/486/1438 313/485/1439 341/476/1440
f 349/487/1441 348/488/1442 351/489/1443 352/490/1444
f 347/491/1445 342/475/1446 346/478/1447 350/492/1448
f 317/493/1449 307/486/1450 342/475/1451 347/491/1452
f 348/488/1453 347/491/1454 350/492/1455 351/489/1456
f 318/494/1457 317/493/1458 347/491/1459 348/488/1460
f 349/487/1461 292/495/1462 318/494/1463 348/488/1464
f 355/496/1465 354/497/1466 357/498/1467 358/499/1468
f 353/500/1469 349/487/1470 352/490/1471 356/501/1472
f 333/502/1473 292/495/1474 349/487/1475 353/500/1476
f 354/497/1477 353/500/1478 356/501/1479 357/498/1480
f 334/503/1481 333/502/1482 353/500/1483 354/497/1484
f 329/504/1485 334/503/1486 354/497/1487 355/496/1488
f 343/481/1489 339/480/1490 360/505/1491 362/506/1492
f 359/507/1493 355/496/1494 358/499/1495 361/508/1496
f 337/509/1497 329/504/1498 355/496/1499 359/507/1500
f 360/505/1501 359/507/1502 361/508/1503 362/506/1504
f 338/510/1505 337/509/1506 359/507/1507 360/505/1508
f 339/480/1509 291/483/1510 338/510/1511 360/505/1512
f 366/511/1513 364/512/1514 346/513/1515 345/514/1516
f 363/515/1517 365/516/1518 344/517/1519 343/518/1520
f 365/516/1521 366/511/1522 345/514/1523 344/517/1524
f 363/519/1525 367/520/1526 368/521/1527 365/522/1528
f 369/523/1529 366/524/1530 365/522/1531 368/521/1532
f 370/525/1533 364/526/1534 366/524/1535 369/523/1536
f 373/527/1537 371/528/1538 352/529/1539 351/530/1540
f 364/512/1541 372/531/1542 350/532/1543 346/513/1544
f 372/531/1545 373/527/1546 351/530/1547 350/532/1548
f 374/533/1549 372/534/1550 364/526/1551 370/525/1552
f 375/535/1553 373/536/1554 372/534/1555 374/533/1556
f 376/537/1557 371/538/1558 373/536/1559 375/535/1560
f 379/539/1561 377/540/1562 358/541/1563 357/542/1564
f 371/528/1565 378/543/1566 356/544/1567 352/529/1568
f 378/543/1569 379/539/1570 357/542/1571 356/544/1572
f 380/545/1573 378/546/1574 371/538/1575 376/537/1576
f 381/547/1577 379/548/1578 378/546/1579 380/545/1580
f 382/549/1581 377/550/1582 379/548/1583 381/547/1584
f 384/551/1585 363/515/1586 343/518/1587 362/552/1588
f 377/553/1589 383/554/1590 361/555/1591 358/556/1592
f 361/555/1593 383/554/1594 384/551/1595 362/552/1596
f 385/557/1597 383/558/1598 377/550/1599 382/549/1600
f 386/559/1601 384/560/1602 383/558/1603 385/557/1604
f 367/520/1605 363/519/1606 384/560/1607 386/559/1608
f 388/421/1609 387/437/1610 399/436/1611 400/435/1612
f 387/437/1613 388/421/1614 390/420/1615 389/438/1616
f 389/438/1617 390/420/1618 408/453/1619 407/455/1620
f 392/425/1621 391/432/1622 397/431/1623 398/426/1624
f 391/432/1625 392/425/1626 394/424/1627 393/433/1628
f 393/433/1629 394/424/1630 400/435/1631 399/436/1632
f 395/427/1633 396/430/1634 401/464/1635 402/447/1636
f 396/430/1637 395/427/1638 398/426/1639 397/431/1640
f 402/447/1641 401/464/1642 409/463/1643 410/458/1644
f 404/452/1645 403/456/1646 407/455/1647 408/453/1648
f 403/456/1649 404/452/1650 406/451/1651 405/457/1652
f 405/462/1653 406/459/1654 410/458/1655 409/463/1656
f 367/520/1657 386/559/1658 411/561/1659
f 376/537/1660 375/535/1661 411/561/1662
f 370/525/1663 369/523/1664 411/561/1665
f 368/521/1666 367/520/1667 411/561/1668
f 369/523/1669 368/521/1670 411/561/1671
f 374/533/1672 370/525/1673 411/561/1674
f 375/535/1675 374/533/1676 411/561/1677
f 382/549/1678 381/547/1679 411/561/1680
f 380/545/1681 376/537/1682 411/561/1683
f 381/547/1684 380/545/1685 411/561/1686
f 385/557/1687 382/549/1688 411/561/1689
f 386/559/1690 385/557/1691 411/561/1692
f 413/562/1693 415/563/1694 412/564/1695
f 417/565/1696 419/566/1697 412/564/1698
f 421/567/1699 423/568/1700 412/564/1701
f 423/568/1702 417/565/1703 412/564/1704
f 419/566/1705 425/569/1706 412/564/1707
f 425/569/1708 413/562/1709 412/564/1710
f 427/570/1711 421/567/1712 412/564/1713
f 429/571/1714 431/572/1715 412/564/1716
f 415/563/1717 433/573/1718 412/564/1719
f 433/573/1720 429/571/1721 412/564/1722
f 431/572/1723 435/574/1724 412/564/1725
f 435/574/1726 427/570/1727 412/564/1728
f 414/575/1729 413/562/1730 425/569/1731 426/576/1732
f 413/562/1733 414/575/1734 416/577/1735 415/563/1736
f 415/563/1737 416/577/1738 434/578/1739 433/573/1740
f 418/579/1741 417/565/1742 423/568/1743 424/580/1744
f 417/565/1745 418/579/1746 420/581/1747 419/566/1748
f 419/566/1749 420/581/1750 426/576/1751 425/569/1752
f 422/582/1753 421/567/1754 427/570/1755 428/583/1756
f 421/567/1757 422/582/1758 424/580/1759 423/568/1760
f 428/583/1761 427/570/1762 435/574/1763 436/584/1764
f 430/585/1765 429/571/1766 433/573/1767 434/578/1768
f 429/571/1769 430/585/1770 432/586/1771 431/572/1772
f 431/572/1773 432/586/1774 436/584/1775 435/574/1776
f 498/587/1777 526/588/1778 574/589/1779 535/590/1780
f 476/591/1781 437/592/1782 449/593/1783 475/594/1784
f 460/595/1785 438/596/1786 458/597/1787 459/598/1788
f 444/599/1789 454/600/1790 455/601/1791 443/602/1792
f 441/603/1793 447/604/1794 448/605/1795 440/606/1796
f 441/603/1797 440/606/1798 610/607/1799 612/608/1800
f 612/608/1801 614/609/1802 439/610/1803 441/603/1804
f 446/611/1805 447/604/1806 441/603/1807 439/610/1808
f 440/606/1809 448/605/1810 453/612/1811 442/613/1812
f 442/613/1813 620/614/1814 610/607/1815 440/606/1816
f 443/602/1817 616/615/1818 618/616/1819 444/599/1820
f 618/616/1821 620/614/1822 442/613/1823 444/599/1824
f 442/613/1825 453/612/1826 454/600/1827 444/599/1828
f 452/617/1829 445/618/1830 450/619/1831 451/620/1832
f 448/605/1833 447/604/1834 451/620/1835 450/619/1836
f 447/604/1837 446/611/1838 449/593/1839 451/620/1840
f 437/592/1841 452/617/1842 451/620/1843 449/593/1844
f 455/601/1845 454/600/1846 459/598/1847 458/597/1848
f 453/612/1849 448/605/1850 450/619/1851 457/621/1852
f 454/600/1853 453/612/1854 457/621/1855 459/598/1856
f 450/619/1857 445/618/1858 456/622/1859 457/621/1860
f 457/621/1861 456/622/1862 460/595/1863 459/598/1864
f 464/623/1865 472/624/1866 446/611/1867 439/610/1868
f 462/625/1869 466/626/1870 467/627/1871 461/628/1872
f 462/625/1873 461/628/1874 622/629/1875 624/630/1876
f 624/630/1877 616/631/1878 443/632/1879 462/625/1880
f 443/632/1881 455/633/1882 466/626/1883 462/625/1884
f 461/628/1885 467/627/1886 471/634/1887 463/635/1888
f 628/636/1889 622/629/1890 461/628/1891 463/635/1892
f 439/610/1893 614/609/1894 626/637/1895 464/623/1896
f 626/637/1897 628/636/1898 463/635/1899 464/623/1900
f 463/635/1901 471/634/1902 472/624/1903 464/623/1904
f 470/638/1905 465/639/1906 468/640/1907 469/641/1908
f 467/627/1909 466/626/1910 469/641/1911 468/640/1912
f 466/626/1913 455/633/1914 458/642/1915 469/641/1916
f 458/642/1917 438/643/1918 470/638/1919 469/641/1920
f 449/593/1921 446/611/1922 472/624/1923 475/594/1924
f 471/634/1925 467/627/1926 468/640/1927 474/644/1928
f 472/624/1929 471/634/1930 474/644/1931 475/594/1932
f 468/640/1933 465/639/1934 473/645/1935 474/644/1936
f 474/644/1937 473/645/1938 476/591/1939 475/594/1940
f 506/646/1941 505/647/1942 546/648/1943 547/649/1944
f 492/650/1945 478/651/1946 494/652/1947 493/653/1948
f 483/654/1949 479/655/1950 486/656/1951 485/657/1952
f 482/658/1953 481/659/1954 485/657/1955 486/656/1956
f 481/659/1957 480/660/1958 484/661/1959 485/657/1960
f 437/592/1961 480/660/1962 481/659/1963 452/617/1964
f 482/658/1965 445/618/1966 452/617/1967 481/659/1968
f 484/661/1969 477/662/1970 483/654/1971 485/657/1972
f 489/663/1973 488/664/1974 493/653/1975 494/652/1976
f 487/665/1977 482/658/1978 486/656/1979 491/666/1980
f 456/622/1981 445/618/1982 482/658/1983 487/665/1984
f 488/664/1985 487/665/1986 491/666/1987 493/653/1988
f 460/595/1989 456/622/1990 487/665/1991 488/664/1992
f 489/663/1993 438/596/1994 460/595/1995 488/664/1996
f 479/655/1997 490/667/1998 491/666/1999 486/656/2000
f 490/667/2001 492/650/2002 493/653/2003 491/666/2004
f 500/668/2005 499/669/2006 536/670/2007 537/671/2008
f 497/672/2009 496/673/2010 479/655/2011 483/654/2012
f 495/674/2013 497/672/2014 483/654/2015 477/662/2016
f 496/673/2017 497/672/2018 499/669/2019 500/668/2020
f 497/672/2021 495/674/2022 498/587/2023 499/669/2024
f 499/669/2025 498/587/2026 535/590/2027 536/670/2028
f 503/675/2029 501/676/2030 478/651/2031 492/650/2032
f 479/655/2033 496/673/2034 502/677/2035 490/667/2036
f 490/667/2037 502/677/2038 503/675/2039 492/650/2040
f 504/678/2041 500/668/2042 537/671/2043 544/679/2044
f 502/677/2045 496/673/2046 500/668/2047 504/678/2048
f 501/676/2049 503/675/2050 505/647/2051 506/646/2052
f 503/675/2053 502/677/2054 504/678/2055 505/647/2056
f 505/647/2057 504/678/2058 544/679/2059 546/648/2060
f 477/662/2061 484/661/2062 518/680/2063 517/681/2064
f 510/682/2065 507/683/2066 512/684/2067 511/685/2068
f 509/686/2069 508/687/2070 511/685/2071 512/684/2072
f 508/687/2073 489/688/2074 494/689/2075 511/685/2076
f 470/638/2077 438/643/2078 489/688/2079 508/687/2080
f 465/639/2081 470/638/2082 508/687/2083 509/686/2084
f 494/689/2085 478/690/2086 510/682/2087 511/685/2088
f 484/661/2089 480/660/2090 514/691/2091 518/680/2092
f 513/692/2093 509/686/2094 512/684/2095 516/693/2096
f 473/645/2097 465/639/2098 509/686/2099 513/692/2100
f 514/691/2101 513/692/2102 516/693/2103 518/680/2104
f 476/591/2105 473/645/2106 513/692/2107 514/691/2108
f 480/660/2109 437/592/2110 476/591/2111 514/691/2112
f 512/684/2113 507/683/2114 515/694/2115 516/693/2116
f 516/693/2117 515/694/2118 517/681/2119 518/680/2120
f 522/695/2121 521/696/2122 566/697/2123 567/698/2124
f 520/699/2125 519/700/2126 507/683/2127 510/682/2128
f 478/690/2129 501/701/2130 520/699/2131 510/682/2132
f 519/700/2133 520/699/2134 521/696/2135 522/695/2136
f 520/699/2137 501/701/2138 506/702/2139 521/696/2140
f 521/696/2141 506/702/2142 547/703/2143 566/697/2144
f 524/704/2145 495/674/2146 477/662/2147 517/681/2148
f 507/683/2149 519/700/2150 523/705/2151 515/694/2152
f 515/694/2153 523/705/2154 524/704/2155 517/681/2156
f 525/706/2157 522/695/2158 567/698/2159 572/707/2160
f 523/705/2161 519/700/2162 522/695/2163 525/706/2164
f 498/587/2165 495/674/2166 524/704/2167 526/588/2168
f 524/704/2169 523/705/2170 525/706/2171 526/588/2172
f 526/588/2173 525/706/2174 572/707/2175 574/589/2176
f 586/708/2177 527/709/2178 554/710/2179 585/711/2180
f 562/712/2181 528/713/2182 560/714/2183 561/715/2184
f 552/716/2185 530/717/2186 550/718/2187 551/719/2188
f 541/720/2189 531/721/2190 539/722/2191 540/723/2192
f 534/724/2193 533/725/2194 537/726/2195 536/727/2196
f 535/728/2197 532/729/2198 534/724/2199 536/727/2200
f 540/730/2201 539/731/2202 533/725/2203 534/724/2204
f 532/729/2205 538/732/2206 540/730/2207 534/724/2208
f 529/733/2209 541/720/2210 540/723/2211 538/734/2212
f 542/735/2213 547/736/2214 546/737/2215 545/738/2216
f 537/726/2217 533/725/2218 543/739/2219 544/740/2220
f 544/740/2221 543/739/2222 545/738/2223 546/737/2224
f 539/722/2225 531/721/2226 548/741/2227 549/742/2228
f 549/743/2229 543/739/2230 533/725/2231 539/731/2232
f 550/744/2233 542/735/2234 545/738/2235 551/745/2236
f 545/738/2237 543/739/2238 549/743/2239 551/745/2240
f 549/742/2241 548/741/2242 552/716/2243 551/719/2244
f 557/746/2245 553/747/2246 555/748/2247 556/749/2248
f 541/720/2249 556/749/2250 555/748/2251 531/721/2252
f 554/710/2253 556/749/2254 541/720/2255 529/733/2256
f 527/709/2257 557/746/2258 556/749/2259 554/710/2260
f 552/716/2261 561/715/2262 560/714/2263 530/717/2264
f 531/721/2265 555/748/2266 559/750/2267 548/741/2268
f 548/741/2269 559/750/2270 561/715/2271 552/716/2272
f 555/748/2273 553/747/2274 558/751/2275 559/750/2276
f 559/750/2277 558/751/2278 562/712/2279 561/715/2280
f 578/752/2281 529/733/2282 538/734/2283 577/753/2284
f 570/754/2285 563/755/2286 568/756/2287 569/757/2288
f 566/758/2289 565/759/2290 564/760/2291 567/761/2292
f 547/736/2293 542/735/2294 565/759/2295 566/758/2296
f 569/762/2297 568/763/2298 564/760/2299 565/759/2300
f 542/735/2301 550/744/2302 569/762/2303 565/759/2304
f 550/764/2305 530/765/2306 570/754/2307 569/757/2308
f 532/729/2309 535/728/2310 574/766/2311 573/767/2312
f 567/761/2313 564/760/2314 571/768/2315 572/769/2316
f 572/769/2317 571/768/2318 573/767/2319 574/766/2320
f 568/756/2321 563/755/2322 575/770/2323 576/771/2324
f 571/768/2325 564/760/2326 568/763/2327 576/772/2328
f 538/732/2329 532/729/2330 573/767/2331 577/773/2332
f 573/767/2333 571/768/2334 576/772/2335 577/773/2336
f 576/771/2337 575/770/2338 578/752/2339 577/753/2340
f 582/774/2341 579/775/2342 580/776/2343 581/777/2344
f 570/754/2345 581/777/2346 580/776/2347 563/755/2348
f 530/765/2349 560/778/2350 581/777/2351 570/754/2352
f 560/778/2353 528/779/2354 582/774/2355 581/777/2356
f 578/752/2357 585/711/2358 554/710/2359 529/733/2360
f 563/755/2361 580/776/2362 584/780/2363 575/770/2364
f 575/770/2365 584/780/2366 585/711/2367 578/752/2368
f 580/776/2369 579/775/2370 583/781/2371 584/780/2372
f 584/780/2373 583/781/2374 586/708/2375 585/711/2376
f 589/782/2377 588/783/2378 553/747/2379 557/746/2380
f 587/784/2381 589/782/2382 557/746/2383 527/709/2384
f 588/783/2385 589/782/2386 591/785/2387 592/786/2388
f 589/782/2389 587/784/2390 590/787/2391 591/785/2392
f 595/788/2393 593/789/2394 528/713/2395 562/712/2396
f 553/747/2397 588/783/2398 594/790/2399 558/751/2400
f 558/751/2401 594/790/2402 595/788/2403 562/712/2404
f 594/790/2405 588/783/2406 592/786/2407 596/791/2408
f 593/789/2409 595/788/2410 597/792/2411 598/793/2412
f 595/788/2413 594/790/2414 596/791/2415 597/792/2416
f 632/794/2417 630/795/2418 592/786/2419 591/785/2420
f 634/796/2421 632/794/2422 591/785/2423 590/787/2424
f 638/797/2425 636/798/2426 598/793/2427 597/792/2428
f 592/786/2429 630/795/2430 640/799/2431 596/791/2432
f 596/791/2433 640/799/2434 638/797/2435 597/792/2436
f 600/800/2437 599/801/2438 579/775/2439 582/774/2440
f 528/779/2441 593/802/2442 600/800/2443 582/774/2444
f 599/801/2445 600/800/2446 601/803/2447 602/804/2448
f 600/800/2449 593/802/2450 598/805/2451 601/803/2452
f 604/806/2453 587/784/2454 527/709/2455 586/708/2456
f 579/775/2457 599/801/2458 603/807/2459 583/781/2460
f 583/781/2461 603/807/2462 604/806/2463 586/708/2464
f 603/807/2465 599/801/2466 602/804/2467 605/808/2468
f 590/787/2469 587/784/2470 604/806/2471 606/809/2472
f 604/806/2473 603/807/2474 605/808/2475 606/809/2476
f 644/810/2477 642/811/2478 602/804/2479 601/803/2480
f 598/805/2481 636/812/2482 644/810/2483 601/803/2484
f 646/813/2485 634/796/2486 590/787/2487 606/809/2488
f 602/804/2489 642/811/2490 648/814/2491 605/808/2492
f 605/808/2493 648/814/2494 646/813/2495 606/809/2496
f 629/815/2497 631/816/2498 607/817/2499
f 631/816/2500 633/818/2501 607/817/2502
f 635/819/2503 637/820/2504 607/817/2505
f 639/821/2506 629/815/2507 607/817/2508
f 637/820/2509 639/821/2510 607/817/2511
f 641/822/2512 643/823/2513 607/817/2514
f 643/823/2515 635/819/2516 607/817/2517
f 633/818/2518 645/824/2519 607/817/2520
f 647/825/2521 641/822/2522 607/817/2523
f 645/824/2524 647/825/2525 607/817/2526
f 611/826/2527 609/827/2528 608/828/2529
f 613/829/2530 611/826/2531 608/828/2532
f 617/830/2533 615/831/2534 608/828/2535
f 609/827/2536 619/832/2537 608/828/2538
f 619/832/2539 617/830/2540 608/828/2541
f 623/833/2542 621/834/2543 608/828/2544
f 615/831/2545 623/833/2546 608/828/2547
f 625/835/2548 613/829/2549 608/828/2550
f 621/834/2551 627/836/2552 608/828/2553
f 627/836/2554 625/835/2555 608/828/2556
f 610/837/2557 609/827/2558 611/826/2559 612/838/2560
f 609/827/2561 610/837/2562 620/839/2563 619/832/2564
f 612/838/2565 611/826/2566 613/829/2567 614/840/2568
f 614/840/2569 613/829/2570 625/835/2571 626/841/2572
f 616/842/2573 615/831/2574 617/830/2575 618/843/2576
f 615/831/2577 616/844/2578 624/845/2579 623/833/2580
f 618/843/2581 617/830/2582 619/832/2583 620/839/2584
f 622/846/2585 621/834/2586 623/833/2587 624/845/2588
f 621/834/2589 622/846/2590 628/847/2591 627/836/2592
f 626/841/2593 625/835/2594 627/836/2595 628/847/2596
f 630/795/2597 629/848/2598 639/849/2599 640/799/2600
f 629/848/2601 630/795/2602 632/794/2603 631/850/2604
f 631/850/2605 632/794/2606 634/796/2607 633/851/2608
f 633/851/2609 634/796/2610 646/813/2611 645/852/2612
f 636/812/2613 635/853/2614 643/854/2615 644/810/2616
f 635/855/2617 636/798/2618 638/797/2619 637/856/2620
f 637/856/2621 638/797/2622 640/799/2623 639/849/2624
f 642/811/2625 641/857/2626 647/858/2627 648/814/2628
f 641/857/2629 642/811/2630 644/810/2631 643/854/2632
f 645/852/2633 646/813/2634 648/814/2635 647/858/2636
f 788/859/2637 649/860/2638 764/861/2639 787/862/2640
f 719/863/2641 650/864/2642 677/865/2643 718/866/2644
f 691/867/2645 651/868/2646 689/869/2647 690/870/2648
f 669/871/2649 668/872/2650 685/873/2651 686/874/2652
f 660/875/2653 659/876/2654 675/877/2655 676/878/2656
f 657/879/2657 656/880/2658 653/881/2659 654/882/2660
f 652/883/2661 655/884/2662 657/879/2663 654/882/2664
f 659/876/2665 658/885/2666 674/886/2667 675/877/2668
f 655/884/2669 658/887/2670 659/888/2671 657/879/2672
f 660/889/2673 656/880/2674 657/879/2675 659/888/2676
f 665/890/2677 660/875/2678 676/878/2679 683/891/2680
f 664/892/2681 662/893/2682 653/881/2683 656/880/2684
f 665/894/2685 664/892/2686 656/880/2687 660/889/2688
f 666/895/2689 661/896/2690 663/897/2691 667/898/2692
f 663/897/2693 662/893/2694 664/892/2695 667/898/2696
f 668/872/2697 665/890/2698 683/891/2699 685/873/2700
f 668/899/2701 667/898/2702 664/892/2703 665/894/2704
f 669/900/2705 666/895/2706 667/898/2707 668/899/2708
f 680/901/2709 670/902/2710 678/903/2711 679/904/2712
f 673/905/2713 672/906/2714 676/907/2715 675/908/2716
f 674/909/2717 671/910/2718 673/905/2719 675/908/2720
f 679/904/2721 678/903/2722 672/906/2723 673/905/2724
f 671/910/2725 677/865/2726 679/904/2727 673/905/2728
f 650/864/2729 680/901/2730 679/904/2731 677/865/2732
f 681/911/2733 686/912/2734 685/913/2735 684/914/2736
f 676/907/2737 672/906/2738 682/915/2739 683/916/2740
f 683/916/2741 682/915/2742 684/914/2743 685/913/2744
f 678/903/2745 670/902/2746 687/917/2747 688/918/2748
f 688/918/2749 682/915/2750 672/906/2751 678/903/2752
f 689/869/2753 681/911/2754 684/914/2755 690/870/2756
f 684/914/2757 682/915/2758 688/918/2759 690/870/2760
f 688/918/2761 687/917/2762 691/867/2763 690/870/2764
f 674/886/2765 658/885/2766 703/919/2767 715/920/2768
f 697/921/2769 696/922/2770 707/923/2771 708/924/2772
f 695/925/2773 694/926/2774 692/927/2775 693/928/2776
f 661/896/2777 666/895/2778 695/925/2779 693/928/2780
f 696/922/2781 669/871/2782 686/874/2783 707/923/2784
f 666/895/2785 669/900/2786 696/929/2787 695/925/2788
f 697/930/2789 694/926/2790 695/925/2791 696/929/2792
f 701/931/2793 697/921/2794 708/924/2795 713/932/2796
f 698/933/2797 692/934/2798 694/935/2799 700/936/2800
f 694/935/2801 697/937/2802 701/938/2803 700/936/2804
f 655/884/2805 652/883/2806 699/939/2807 702/940/2808
f 699/939/2809 698/933/2810 700/936/2811 702/940/2812
f 703/919/2813 701/931/2814 713/932/2815 715/920/2816
f 702/940/2817 700/936/2818 701/938/2819 703/941/2820
f 658/887/2821 655/884/2822 702/940/2823 703/941/2824
f 711/942/2825 704/943/2826 709/944/2827 710/945/2828
f 705/946/2829 708/947/2830 707/948/2831 706/949/2832
f 686/912/2833 681/911/2834 706/949/2835 707/948/2836
f 709/944/2837 705/946/2838 706/949/2839 710/945/2840
f 706/949/2841 681/911/2842 689/869/2843 710/945/2844
f 689/869/2845 651/868/2846 711/942/2847 710/945/2848
f 671/910/2849 674/909/2850 715/950/2851 714/951/2852
f 708/952/2853 705/953/2854 712/954/2855 713/955/2856
f 713/955/2857 712/954/2858 714/951/2859 715/950/2860
f 709/956/2861 704/957/2862 716/958/2863 717/959/2864
f 717/959/2865 712/954/2866 705/953/2867 709/956/2868
f 677/865/2869 671/910/2870 714/951/2871 718/866/2872
f 714/951/2873 712/954/2874 717/959/2875 718/866/2876
f 717/959/2877 716/958/2878 719/863/2879 718/866/2880
f 748/960/2881 720/961/2882 727/962/2883 749/963/2884
f 735/964/2885 721/965/2886 737/966/2887 736/967/2888
f 726/968/2889 722/969/2890 729/970/2891 728/971/2892
f 725/972/2893 724/973/2894 670/902/2895 680/901/2896
f 723/974/2897 725/972/2898 680/901/2899 650/864/2900
f 724/973/2901 725/972/2902 728/971/2903 729/970/2904
f 725/972/2905 723/974/2906 727/962/2907 728/971/2908
f 727/962/2909 720/961/2910 726/968/2911 728/971/2912
f 732/975/2913 730/976/2914 651/868/2915 691/867/2916
f 670/902/2917 724/973/2918 731/977/2919 687/917/2920
f 687/917/2921 731/977/2922 732/975/2923 691/867/2924
f 722/969/2925 733/978/2926 734/979/2927 729/970/2928
f 731/977/2929 724/973/2930 729/970/2931 734/979/2932
f 730/976/2933 732/975/2934 736/967/2935 737/966/2936
f 732/975/2937 731/977/2938 734/979/2939 736/967/2940
f 733/978/2941 735/964/2942 736/967/2943 734/979/2944
f 741/980/2945 738/981/2946 743/982/2947 742/983/2948
f 740/984/2949 739/985/2950 704/943/2951 711/942/2952
f 651/868/2953 730/976/2954 740/984/2955 711/942/2956
f 739/985/2957 740/984/2958 742/983/2959 743/982/2960
f 740/984/2961 730/976/2962 737/966/2963 742/983/2964
f 721/965/2965 741/980/2966 742/983/2967 737/966/2968
f 745/986/2969 723/974/2970 650/864/2971 719/863/2972
f 704/957/2973 739/987/2974 744/988/2975 716/958/2976
f 716/958/2977 744/988/2978 745/986/2979 719/863/2980
f 738/989/2981 746/990/2982 747/991/2983 743/992/2984
f 744/988/2985 739/987/2986 743/992/2987 747/991/2988
f 727/962/2989 723/974/2990 745/986/2991 749/963/2992
f 745/986/2993 744/988/2994 747/991/2995 749/963/2996
f 746/990/2997 748/960/2998 749/963/2999 747/991/3000
f 772/993/3001 750/994/3002 770/995/3003 771/996/3004
f 762/997/3005 761/998/3006 771/996/3007 770/995/3008
f 756/999/3009 755/1000/3010 766/1001/3011 765/1002/3012
f 753/1003/3013 752/1004/3014 722/969/3015 726/968/3016
f 720/961/3017 751/1005/3018 753/1003/3019 726/968/3020
f 755/1000/3021 754/1006/3022 764/861/3023 766/1001/3024
f 751/1005/3025 754/1006/3026 755/1000/3027 753/1003/3028
f 756/999/3029 752/1004/3030 753/1003/3031 755/1000/3032
f 758/1007/3033 756/999/3034 765/1002/3035 769/1008/3036
f 757/1009/3037 733/978/3038 722/969/3039 752/1004/3040
f 758/1007/3041 757/1009/3042 752/1004/3043 756/999/3044
f 759/1010/3045 721/965/3046 735/964/3047 760/1011/3048
f 735/964/3049 733/978/3050 757/1009/3051 760/1011/3052
f 761/998/3053 758/1007/3054 769/1008/3055 771/996/3056
f 761/998/3057 760/1011/3058 757/1009/3059 758/1007/3060
f 762/997/3061 759/1010/3062 760/1011/3063 761/998/3064
f 767/1012/3065 763/1013/3066 765/1002/3067 766/1001/3068
f 649/860/3069 767/1012/3070 766/1001/3071 764/861/3072
f 765/1002/3073 763/1013/3074 768/1014/3075 769/1008/3076
f 769/1008/3077 768/1014/3078 772/993/3079 771/996/3080
f 764/861/3081 754/1006/3082 780/1015/3083 787/862/3084
f 776/1016/3085 775/1017/3086 783/1018/3087 782/1019/3088
f 738/981/3089 741/980/3090 774/1020/3091 773/1021/3092
f 741/980/3093 721/965/3094 759/1010/3095 774/1020/3096
f 775/1017/3097 762/997/3098 770/995/3099 783/1018/3100
f 759/1010/3101 762/997/3102 775/1017/3103 774/1020/3104
f 776/1016/3105 773/1021/3106 774/1020/3107 775/1017/3108
f 778/1022/3109 776/1023/3110 782/1024/3111 786/1025/3112
f 746/990/3113 738/989/3114 773/1026/3115 777/1027/3116
f 773/1026/3117 776/1023/3118 778/1022/3119 777/1027/3120
f 751/1005/3121 720/961/3122 748/960/3123 779/1028/3124
f 748/960/3125 746/990/3126 777/1027/3127 779/1028/3128
f 780/1015/3129 778/1022/3130 786/1025/3131 787/862/3132
f 779/1028/3133 777/1027/3134 778/1022/3135 780/1015/3136
f 754/1006/3137 751/1005/3138 779/1028/3139 780/1015/3140
f 784/1029/3141 781/1030/3142 782/1019/3143 783/1018/3144
f 770/995/3145 750/994/3146 784/1029/3147 783/1018/3148
f 782/1024/3149 781/1031/3150 785/1032/3151 786/1025/3152
f 786/1025/3153 785/1032/3154 788/859/3155 787/862/3156
f 811/1033/3157 828/1034/3158 846/1035/3159 832/1036/3160
f 791/1037/3161 790/1038/3162 804/1039/3163 805/1040/3164
f 790/1038/3165 789/1041/3166 803/1042/3167 804/1039/3168
f 649/860/3169 789/1041/3170 790/1038/3171 767/1012/3172
f 791/1037/3173 763/1013/3174 767/1012/3175 790/1038/3176
f 794/1043/3177 793/1044/3178 809/1045/3179 810/1046/3180
f 792/1047/3181 791/1037/3182 805/1040/3183 807/1048/3184
f 768/1014/3185 763/1013/3186 791/1037/3187 792/1047/3188
f 793/1044/3189 792/1047/3190 807/1048/3191 809/1045/3192
f 772/993/3193 768/1014/3194 792/1047/3195 793/1044/3196
f 794/1043/3197 750/994/3198 772/993/3199 793/1044/3200
f 796/1049/3201 795/1050/3202 819/1051/3203 820/1052/3204
f 795/1050/3205 794/1043/3206 810/1046/3207 819/1051/3208
f 784/1029/3209 750/994/3210 794/1043/3211 795/1050/3212
f 796/1049/3213 781/1030/3214 784/1029/3215 795/1050/3216
f 789/1041/3217 798/1053/3218 824/1054/3219 803/1042/3220
f 797/1055/3221 796/1056/3222 820/1057/3223 822/1058/3224
f 785/1032/3225 781/1031/3226 796/1056/3227 797/1055/3228
f 798/1053/3229 797/1055/3230 822/1058/3231 824/1054/3232
f 788/859/3233 785/1032/3234 797/1055/3235 798/1053/3236
f 789/1041/3237 649/860/3238 788/859/3239 798/1053/3240
f 815/1059/3241 816/1060/3242 837/1061/3243 838/1062/3244
f 808/1063/3245 800/1064/3246 810/1065/3247 809/1066/3248
f 802/1067/3249 801/1068/3250 805/1069/3251 804/1070/3252
f 803/1071/3253 799/1072/3254 802/1067/3255 804/1070/3256
f 801/1068/3257 806/1073/3258 807/1074/3259 805/1069/3260
f 806/1073/3261 808/1063/3262 809/1066/3263 807/1074/3264
f 812/1075/3265 813/1076/3266 833/1077/3267 834/1078/3268
f 813/1079/3269 812/1080/3270 801/1068/3271 802/1067/3272
f 799/1072/3273 811/1081/3274 813/1079/3275 802/1067/3276
f 813/1076/3277 811/1033/3278 832/1036/3279 833/1077/3280
f 814/1082/3281 812/1075/3282 834/1078/3283 836/1083/3284
f 814/1084/3285 806/1073/3286 801/1068/3287 812/1080/3288
f 815/1085/3289 800/1064/3290 808/1063/3291 816/1086/3292
f 808/1063/3293 806/1073/3294 814/1084/3295 816/1086/3296
f 816/1060/3297 814/1087/3298 836/1088/3299 837/1061/3300
f 799/1072/3301 803/1071/3302 824/1089/3303 823/1090/3304
f 818/1091/3305 817/1092/3306 820/1093/3307 819/1094/3308
f 810/1065/3309 800/1064/3310 818/1091/3311 819/1094/3312
f 820/1093/3313 817/1092/3314 821/1095/3315 822/1096/3316
f 822/1096/3317 821/1095/3318 823/1090/3319 824/1089/3320
f 825/1097/3321 826/1098/3322 842/1099/3323 843/1100/3324
f 825/1101/3325 817/1092/3326 818/1091/3327 826/1102/3328
f 818/1091/3329 800/1064/3330 815/1085/3331 826/1102/3332
f 826/1098/3333 815/1059/3334 838/1062/3335 842/1099/3336
f 827/1103/3337 825/1097/3338 843/1100/3339 845/1104/3340
f 827/1105/3341 821/1095/3342 817/1092/3343 825/1101/3344
f 811/1081/3345 799/1072/3346 823/1090/3347 828/1106/3348
f 823/1090/3349 821/1095/3350 827/1105/3351 828/1106/3352
f 828/1034/3353 827/1103/3354 845/1104/3355 846/1035/3356
f 834/1078/3357 833/1077/3358 835/1107/3359 831/1108/3360
f 833/1077/3361 832/1036/3362 829/1109/3363 835/1107/3364
f 838/1062/3365 837/1061/3366 840/1110/3367 830/1111/3368
f 836/1083/3369 834/1078/3370 831/1108/3371 839/1112/3372
f 837/1061/3373 836/1088/3374 839/1113/3375 840/1110/3376
f 843/1100/3377 842/1099/3378 844/1114/3379 841/1115/3380
f 842/1099/3381 838/1062/3382 830/1111/3383 844/1114/3384
f 829/1109/3385 832/1036/3386 846/1035/3387 848/1116/3388
f 845/1104/3389 843/1100/3390 841/1115/3391 847/1117/3392
f 846/1035/3393 845/1104/3394 847/1117/3395 848/1116/3396
f 864/1118/3397 865/1119/3398 852/1120/3399 851/1121/3400
f 865/1119/3401 866/1122/3402 849/1123/3403 852/1120/3404
f 863/1124/3405 864/1118/3406 851/1121/3407 853/1125/3408
f 861/1126/3409 862/1127/3410 854/1128/3411 850/1129/3412
f 862/1127/3413 863/1130/3414 853/1131/3415 854/1128/3416
f 851/1132/3417 852/1133/3418 860/1134/3419
f 852/1133/3420 849/1135/3421 860/1134/3422
f 853/1136/3423 851/1132/3424 860/1134/3425
f 850/1137/3426 854/1138/3427 860/1134/3428
f 854/1138/3429 853/1136/3430 860/1134/3431
f 869/1139/3432 870/1140/3433 856/1141/3434 855/1142/3435
f 870/1140/3436 861/1126/3437 850/1129/3438 856/1141/3439
f 868/1143/3440 869/1139/3441 855/1142/3442 857/1144/3443
f 849/1123/3444 866/1122/3445 867/1145/3446 858/1146/3447
f 867/1145/3448 868/1143/3449 857/1144/3450 858/1146/3451
f 855/1147/3452 856/1148/3453 860/1134/3454
f 856/1148/3455 850/1137/3456 860/1134/3457
f 857/1149/3458 855/1147/3459 860/1134/3460
f 849/1135/3461 858/1150/3462 860/1134/3463
f 858/1150/3464 857/1149/3465 860/1134/3466
f 654/1151/3467 653/1152/3468 859/1153/3469
f 652/1154/3470 654/1151/3471 859/1153/3472
f 663/1155/3473 661/1156/3474 859/1153/3475
f 653/1152/3476 662/1157/3477 859/1153/3478
f 662/1157/3479 663/1155/3480 859/1153/3481
f 693/1158/3482 692/1159/3483 859/1153/3484
f 661/1156/3485 693/1158/3486 859/1153/3487
f 699/1160/3488 652/1154/3489 859/1153/3490
f 692/1159/3491 698/1161/3492 859/1153/3493
f 698/1161/3494 699/1160/3495 859/1153/3496
f 830/1111/3497 840/1110/3498 862/1127/3499 861/1126/3500
f 840/1110/3501 839/1113/3502 863/1130/3503 862/1127/3504
f 839/1112/3505 831/1108/3506 864/1118/3507 863/1124/3508
f 831/1108/3509 835/1107/3510 865/1119/3511 864/1118/3512
f 835/1107/3513 829/1109/3514 866/1122/3515 865/1119/3516
f 867/1145/3517 866/1122/3518 829/1109/3519 848/1116/3520
f 848/1116/3521 847/1117/3522 868/1143/3523 867/1145/3524
f 847/1117/3525 841/1115/3526 869/1139/3527 868/1143/3528
f 841/1115/3529 844/1114/3530 870/1140/3531 869/1139/3532
f 844/1114/3533 830/1111/3534 861/1126/3535 870/1140/3536
